30pN,20pN,15pN,12pN,10pN,7.5pN,7pN,6.5pN,6pN,5.5pN,5pN
-3.87511,-2.42889,-1.03846,-0.719861,-2.67585,3.64459,4.41995,1.30733,1.92527,4.65833,3.28586
-4.31954,-2.80434,-0.891208,-0.500397,-2.9659,4.40413,-2.00128,1.12529,2.07608,2.65872,2.09278
-3.99145,-3.13038,-2.68298,-2.47713,-0.308565,2.88661,4.73367,-2.78834,5.04599,0.707789,4.1811
-4.98557,-4.08364,-1.92087,-0.386118,0.430548,2.96361,2.2442,-2.71197,4.82033,3.54287,4.15189
-4.03419,-3.40512,-1.22105,-2.19526,0.00776974,4.24714,2.5245,,3.72109,0.191199,2.9883
-3.73279,-4.17462,-2.19967,-1.38629,-2.23895,3.90067,3.13403,2.32425,3.22388,3.09635,4.28422
-5.13971,-4.19061,-3.15297,-0.736807,0.013311,3.60051,2.87853,1.70333,0.885436,3.1847,5.06703
-3.43495,-4.22345,-3.38691,-1.18368,-1.30431,4.26561,2.93702,1.15616,4.05183,3.21643,5.25816
-3.09202,-4.06926,-2.18329,-2.69736,-2.3842,3.4027,4.05462,3.09386,-0.528498,-0.448743,4.18873
-4.7914,-3.10283,-2.77454,-2.27041,-0.554952,3.79342,3.52776,1.74033,4.36323,-1.48797,3.74856
-4.85203,-3.26791,-2.23895,-1.94275,-2.0033,4.06831,3.22098,1.27865,5.79963,3.71423,2.05612
-5.13971,-4.23182,-2.76288,-1.50652,-0.948478,1.23012,2.11409,1.80983,4.12282,3.51253,3.949068
-5.54519,-4.04635,-2.21522,-2.79033,-1.70101,2.24567,1.62844,-0.383254,4.9542,2.02713,4.80146
-4.62889,-3.84614,-2.20737,-1.48259,-1.55737,0.925742,0.862151,0.484276,5.11974,1.67356,4.08004
-4.68018,-2.35547,-1.44253,-2.1142,0.529215,2.63149,4.64888,0.725808,4.63872,2.19233,4.01827
-4.53359,-2.84339,-2.80434,-1.8439,-1.67137,2.32498,3.92419,1.84006,3.17552,2.58014,5.21442
,-2.44847,-1.15693,-2.58767,-0.952592,0.502664,2.17543,-1.59396,1.99109,3.30502,4.48429
,-3.81794,-3.91102,0.30697,-2.2967,2.64806,-0.238943,2.75811,3.65545,3.18404,5.191
,-5.02193,-3.06811,-2.20301,-1.32935,5.08647,4.34657,0.119559,5.31976,1.78874,3.71721
,-2.14815,-1.26549,-0.718362,-0.181978,0.638728,4.48792,0.90134,3.49391,2.71569,2.65922
,-4.62889,-2.37496,-2.15961,-1.43788,2.84396,3.41665,2.21187,3.07918,4.14059,5.64582
,-3.84045,0.700917,-0.735303,0.372529,0.323785,2.07796,-0.319434,3.65449,3.21254,3.17673
,-3.93575,0.10625,-1.68179,0.167462,4.19122,4.0151,1.09209,3.30648,4.17599,2.41642
,-2.83712,-0.588913,-0.393561,0.342738,2.48497,2.99435,2.63174,4.78869,3.82715,5.18895
,-2.78834,-1.41803,-2.57958,0.314373,3.47888,4.43761,2.2517,1.85547,4.75775,4.31254
,-3.81794,-2.59745,-0.476279,-0.780079,4.2248,3.0315,3.65692,4.06579,4.74122,3.986515
,-4.40575,-1.35174,-2.83504,0.719059,0.223703,3.98183,2.92997,3.7148,2.8183,3.111865
,-4.04111,-3.14728,-0.986713,-1.71114,3.58721,2.82446,2.19852,3.08021,3.02935,4.651809
,-4.15888,-2.06396,-3.23946,-3.53444,3.08658,1.96832,2.21784,4.79035,4.35538,4.871972
,-1.86098,-1.53786,-2.02715,1.28634,-0.173365,4.04381,-0.589346,4.52808,4.88948,4.691708
,-3.26471,-1.76955,-0.407908,0.450184,-0.429541,3.78369,2.00391,4.24746,0.94282,3.915876
,-3.92334,-2.31141,1.42508,2.20697,-1.07426,3.66295,0.618154,1.8556,0.558541,2.871608
,-2.27041,-2.10718,2.01588,0.205794,-1.31113,2.51204,0.971006,3.70539,4.62027,1.447039
,-3.92334,-0.615205,1.3928,-0.448367,2.22132,4.41125,4.10127,3.31988,1.9327,4.235158
,-3.84045,-2.74561,0.549969,-3.19379,3.53224,-1.73518,3.44935,2.29041,-0.303348,3.58877
,-3.2939,-3.05508,-1.76096,-3.32055,3.45691,3.76063,3.35598,5.16673,0.39526,
,-3.37611,-4.34751,-0.673796,-0.299471,2.02112,1.4496,1.26146,3.35406,4.83652,
,-4.29241,-3.32055,-1.77243,-1.3593,2.60514,5.06822,4.59213,2.65772,1.79529,
,-2.98505,-2.34396,-2.19526,-1.88164,3.86224,4.09656,2.62394,2.10035,6.27325,
,-2.05815,-4.42594,-0.632523,-1.22751,2.89255,3.78183,3.39674,3.79743,3.88731,
,-4.24876,-1.26203,-1.40206,0.596581,2.87161,2.66568,1.00981,3.6268,2.70451,
,-2.0308,-3.92953,-0.46922,-2.20855,3.34817,4.10316,4.16187,4.67406,3.50941,
,-2.66703,-1.62384,-2.23558,-0.530382,3.44013,1.62292,-2.49784,4.64882,3.37823,
,-3.10555,-0.6726,-2.07505,-0.702955,4.05287,4.92428,1.87964,5.24254,4.55956,
,-2.21183,-3.37611,-1.68179,-0.831146,4.87916,5.29661,3.29658,2.43646,3.82281,
,-3.10555,-1.16629,-3.17903,0.524669,3.6289,2.39742,1.39524,1.78086,-0.737676,
,-3.85763,-1.80752,-4.02732,-1.40153,1.40576,2.66928,1.82289,2.36988,3.66383,
,-3.19379,-1.6036,-0.933768,-2.02806,3.93068,3.49664,3.60748,5.28393,4.13587,
,-2.83712,-3.32055,-2.84566,-4.48917,3.06677,2.59513,2.7264,4.90665,2.66155,
,-3.48148,-2.55886,-2.31265,-0.395861,1.4814,3.04062,2.97745,4.38001,4.60721,
,-2.68656,-0.840859,-2.99964,-1.58436,2.24593,3.08405,5.5647,4.13514,3.68227,
,-3.24887,-1.37876,-3.96106,-2.2739,1.53821,2.55797,1.99128,3.17484,3.16636,
,-1.14605,-0.647333,-2.79831,-1.41502,3.41257,3.62414,3.82455,1.35751,4.78563,
,-1.50211,-2.87756,-0.847535,-1.68908,4.02412,4.28928,2.17184,5.30952,1.36718,
,-2.33635,-4.3762,-2.94481,-4.28352,4.50828,4.47079,4.03646,2.45279,3.89984,
,-3.45024,-1.05025,0.143061,-0.386486,3.24428,2.67321,5.0064,5.27091,5.88392,
,-2.27274,-4.36655,-4.15888,-3.98702,2.85731,3.25721,4.13485,3.81274,5.18801,
,-3.88382,-3.97395,-4.29241,0.386078,1.91348,3.70106,4.74654,-2.39594,5.8962,
,-1.30206,-3.40512,-1.15306,-1.45188,3.31051,3.17066,5.62768,3.79244,3.00755,
,-3.05508,-0.718875,-1.67922,-3.15297,1.51418,2.44423,3.47633,2.2494,5.48896,
,-2.6176,-1.81948,-4.64146,-0.427925,3.42404,2.69223,3.39359,4.62454,1.88896,
,-1.59032,-1.70035,-3.64962,-1.92087,3.51323,4.38205,0.290974,2.80576,2.24782,
,-1.63066,-3.46574,-0.302444,-2.07163,2.79448,4.78657,2.16882,3.4753,3.38026,
,-0.287682,-4.36655,-1.26376,-1.06005,0.819952,2.72915,5.01414,3.69108,5.39978,
,-0.29815,-1.96169,-2.36973,-1.8439,2.15937,3.17767,2.48903,3.54155,2.68442,
,-4.16672,-2.27994,-2.89062,1.6551,4.32555,4.22658,3.21498,2.78618,4.37876,
,-3.95467,-1.04606,-1.0268,1.18071,2.09867,4.03629,4.4657,2.76653,3.75275,
,-3.27434,-2.12544,-2.55571,-0.401687,4.36531,2.71272,6.05888,3.38659,2.81327,
,-3.4975,-0.0734313,-2.40561,0.0674717,2.51945,4.07984,5.45562,3.13493,1.14033,
,-3.70761,-0.945025,-1.70303,0.835298,0.288114,4.44367,4.66582,2.21613,2.51959,
,-3.91102,-2.07944,-2.57992,-0.580587,0.316576,4.89691,4.00969,5.07808,4.39294,
,-2.50962,-1.52432,-1.62816,-0.758475,1.32096,4.60683,-0.195262,5.03831,4.27754,
,-2.98023,-1.17416,-0.9679,0.277556,2.15564,-0.472941,3.77846,0.447745,4.54341,
,-4.04111,-1.33674,-1.1415,0.886244,1.07368,2.44534,3.38371,3.37498,1.915,
,-1.83008,-0.661435,-1.86614,-1.67659,0.522744,3.32353,4.09459,2.75018,5.62946,
,-2.89723,-3.23635,-0.436012,0.444942,4.7082,1.14902,3.18426,2.44982,3.89115,
,-3.40512,-2.30896,-1.39833,0.782531,1.23121,3.52985,4.76329,2.97414,4.89274,
,-2.3263,-1.45081,-1.1933,-0.592886,1.4646,4.34675,3.99326,4.92495,4.3807,
,-3.45409,0.105351,-0.943456,-1.56317,3.01381,2.50059,3.50637,3.87331,3.43165,
,-3.11375,-1.44532,-1.67462,-1.30026,3.89051,4.9737,5.43082,3.21904,4.47363,
,-3.85763,-0.551353,-0.913943,-0.642682,3.11238,4.26684,3.72978,4.16518,3.693,
,-2.80434,0.828159,-0.716498,-0.464547,3.55759,5.66397,6.4436,3.37382,3.73225,
,-4.01372,-3.90495,-0.588589,0.0386436,2.5896,4.95199,4.96802,4.67615,3.13818,
,-3.2939,-1.75817,-3.10419,1.36668,1.52694,4.21208,5.62091,3.82619,4.89653,
,-3.40512,-1.64828,-2.92414,-1.76276,2.8671,0.796299,1.96718,2.58715,5.26588,
,-4.15888,-2.86244,-2.23101,0.601306,3.05127,0.298793,0.998018,4.7474,5.05588,
,-3.4975,-3.70761,-0.50175,1.04577,0.239466,0.793201,5.48393,3.89532,5.52845,
,-4.09823,-3.52235,-1.92552,1.35516,-0.142818,0.565723,4.22426,5.67708,2.78684,
,-2.74182,-4.32905,-1.21443,1.31114,-0.719766,1.64661,4.11146,4.0894,0.859526,
,-2.22193,-4.25733,-2.24008,1.30976,0.83784,0.439557,3.7786,3.98633,3.34078,
,-2.85394,-4.09823,0.446607,1.47924,-0.0202711,0.839967,5.01441,2.49307,3.08598,
,-4.36655,-1.25987,-0.594642,-0.662618,-1.58509,-0.594861,4.80195,5.9189,1.06805,
,-2.11926,-2.35676,0.552332,-0.261871,1.17145,1.61924,5.1925,2.50231,3.54613,
,-2.68298,-1.09958,0.0706448,0.8423,4.30778,3.83694,3.68184,3.34983,3.70058,
,-0.402046,-1.81345,0.363392,0.407263,4.41509,4.35103,3.85524,3.87196,3.03922,
,-2.61399,-3.53027,-1.4529,-1.30387,-0.730023,4.88698,4.31102,4.56134,2.35792,
,-2.17789,-1.9142,0.240197,-0.662385,3.48424,5.3136,3.79394,2.90463,2.23874,
,,-1.59396,0.532156,-2.22193,1.59801,3.6088,3.54456,0.0134097,3.59256,
,-2.2873,-1.67922,-0.716907,-1.09667,2.93756,3.60817,1.75422,4.4955,3.39857,
,-2.74182,-1.8439,0.651752,1.14629,1.10419,4.11111,5.5226,5.76091,5.10513,
,-3.40512,-0.617928,0.864197,0.316998,0.539541,2.95785,4.44931,4.52555,4.54844,
,-2.38818,-1.52878,0.371977,-0.306077,2.2924,4.37782,4.21979,1.60847,4.75443,
,-2.80434,-1.76096,-0.41732,1.83815,3.104,2.29182,3.16966,5.51728,4.65748,
,-2.36712,-1.34796,-1.9351,0.102015,3.40719,2.04906,4.16965,4.36176,4.40021,
,-3.93575,-2.54945,-0.596856,0.926993,3.34068,4.38817,4.97488,2.91876,5.32698,
,-3.19379,-3.59926,-0.338428,2.26543,3.17476,3.40873,3.91204,3.54233,5.23813,
,-2.83712,-1.58436,2.31214,0.778407,4.47298,2.21989,3.33154,2.89513,4.67775,
,-3.93575,-1.8439,-0.393339,1.45994,4.8727,2.79193,4.87808,3.33117,4.86997,
,-2.3263,-2.45413,-3.78517,0.139501,1.7101,3.70609,5.15469,2.85603,5.53102,
,-2.04864,-3.06549,-1.21197,-1.74686,3.7794,3.80746,3.17221,3.21903,4.34538,
,-2.50066,-2.85606,-0.406436,-1.20952,3.79224,1.9228,4.84963,3.41139,1.41105,
,-3.92334,-3.18491,-0.00159126,0.850142,0.758476,5.27179,2.28082,3.95947,2.23,
,-4.32875,-3.79056,-1.37611,0.565711,4.55311,3.02119,1.72831,1.54469,4.25163,
,-2.75708,-2.88842,0.0913022,2.43808,0.827578,1.5505,1.2381,3.6113,5.27419,
,-2.84971,-3.78517,-3.18491,2.08903,2.72939,3.93426,3.28095,5.35687,3.45145,
,-2.93786,-1.86259,-3.2179,-1.59632,2.61427,4.77695,4.88012,4.52172,2.6124,
,-5.04063,-1.19208,-0.800799,0.433729,4.19406,5.2136,4.5532,3.03403,3.03729,
,-2.72272,-2.6812,-1.90347,-1.16957,2.56813,5.312,4.72984,3.60214,5.21519,
,-2.24469,-2.06491,-0.88409,1.18833,1.95986,5.05739,3.28142,3.84923,4.03245,
,-3.30713,-3.7379,-0.19537,0.709611,-0.160158,3.75887,1.90286,-0.768138,2.71772,
,-4.22345,-0.565651,-0.737057,1.25053,4.58756,5.20758,5.02684,3.90294,3.12838,
,-4.22345,-0.986391,-2.69375,2.81397,1.9448,0.981262,2.71067,3.13894,4.61385,
,-4.73424,-4.00699,-0.570169,1.02887,2.45719,0.993663,0.78798,4.22142,5.23053,
,-3.79597,-2.64101,0.611395,-2.60735,3.48796,3.51651,3.03826,4.47595,3.81355,
,-4.04111,-3.67336,-0.716354,-0.969665,1.8879,4.22148,2.6091,2.32802,4.57281,
,-3.12482,-4.62889,-0.818892,1.11721,1.94031,2.913,5.43872,3.75481,3.74796,
,-3.88694,-4.29241,-3.17028,2.69935,0.17185,1.91979,5.31468,-0.0548776,4.05636,
,-1.79565,-3.53027,-3.0295,-3.15154,3.23668,4.10876,2.31361,-1.25642,4.0888,
,-2.39888,-3.06027,-0.253757,0.132781,1.67226,4.18553,1.91028,3.71276,4.9047,
,-3.4975,-3.26791,-0.334327,1.78992,2.26396,1.77848,2.74963,2.76981,4.35405,
,-2.24008,-1.78994,-2.29194,-0.482578,5.13309,-3.05775,4.18215,3.20095,5.15456,
,-2.77259,-1.81948,-1.36121,2.69226,0.0967637,5.39731,2.36781,3.38225,3.46171,
,-2.54945,-1.77243,-1.03846,3.29473,0.0116321,4.33256,4.50221,2.72227,4.28457,
,-3.40512,-1.01242,-0.249359,2.47746,3.54391,4.58389,4.74905,3.16076,5.19572,
,-4.04111,-3.50559,-1.61581,0.0853517,4.38305,5.08389,1.89008,1.43986,3.55392,
,-3.7534,-2.53625,-2.00419,0.121598,-0.0398433,2.68668,1.33385,3.88041,4.54196,
,-3.40512,-2.49695,-3.63564,1.29467,0.988797,5.11005,2.724,4.63566,3.03505,
,-4.29241,-1.96169,-0.403512,-0.740637,3.36079,3.2133,4.06994,4.39951,3.02688,
,-4.85203,-3.37611,1.04204,0.621705,2.93869,5.05777,0.532726,3.80734,3.93391,
,-3.46574,-1.62075,-0.962754,-0.46767,0.194579,4.56443,4.09185,4.19266,5.13344,
,-4.04111,-3.43495,-0.70889,0.380421,-1.45899,4.54146,2.85384,2.62704,4.77035,
,-3.40512,-3.51375,-0.485759,0.826454,-0.0117892,4.09783,2.6586,3.71667,5.44237,
,-2.45413,-1.79565,-0.669978,0.952275,-1.41803,1.42663,3.05924,4.33907,0.880697,
,-3.53027,-3.40512,-3.53027,-1.17099,3.39635,3.82691,4.11212,4.95849,3.9712,
,-3.67336,-3.06027,-0.534538,-0.363038,2.92074,3.76609,3.84538,2.27437,5.36444,
,-3.46574,-3.19379,0.569623,0.107957,2.93699,4.98621,5.47824,,5.24905,
,-3.59926,-3.84045,0.0896579,1.0518,1.1977,3.47579,4.33493,,3.09721,
,-3.2939,-3.34796,-2.45698,0.221943,4.39508,3.20798,4.25362,4.88394,3.55957,
,-3.53027,-2.24933,-0.494313,-0.740134,2.87486,3.44591,1.16161,2.25992,3.49921,
,-3.67336,-1.90757,-0.807055,1.74545,2.16233,3.821,3.49338,5.63889,5.32145,
,-4.85203,-3.59926,-0.441502,0.696093,-0.23197,4.76363,0.676438,-0.60575,2.37405,
,-3.7534,-3.46574,-2.39351,2.05435,1.01084,4.0732,6.39862,0.308374,4.92468,
,-4.15888,-1.5401,1.02991,0.479459,1.79515,4.21675,4.96902,3.66668,1.9737,
,-3.46574,-2.74482,1.37869,0.976558,2.41153,4.69793,3.30911,3.45391,0.539238,
,-3.93575,-1.24282,-0.397676,-0.00981804,2.83703,3.49878,4.59077,1.61534,4.33388,
,-2.90611,-2.58767,-0.619729,-0.493723,0.9934,1.24195,5.3397,4.59868,4.29617,
,-3.24261,-1.28957,-1.80972,-1.98982,1.1582,4.99541,4.45003,4.84358,3.22411,
,-3.46574,-2.98023,-1.6344,-0.808154,3.74403,1.86669,4.2238,4.67378,2.87655,
,-3.34796,-2.87102,-1.55098,-2.61565,0.651544,4.69972,5.03367,4.97706,4.10196,
,-4.91657,-1.92087,-1.64005,0.644009,3.08438,4.11022,4.15336,3.7533,3.29309,
,-3.30713,-3.10283,-4.66711,-0.571195,-2.67058,4.60327,2.46986,5.62833,3.44795,
,-3.69281,-2.60403,-1.05742,-0.755086,2.50161,5.62479,3.15775,3.85943,4.24946,
,-3.53027,-2.86887,-0.11659,-3.77981,2.55013,3.46793,3.04578,0.195164,4.54127,
,-3.19379,-3.18197,-1.2466,0.510065,-2.213,-1.13887,5.65318,5.32882,4.86498,
,-4.44654,-4.05509,-0.0620669,-0.147155,1.76991,3.06773,4.28477,3.01265,1.7157,
,-2.24933,-1.8248,-2.70008,-1.24918,3.09595,4.45151,4.52891,2.82412,4.37481,
,-3.14728,-3.24261,-0.759372,-0.889722,2.41046,5.91172,4.74716,4.53976,4.62843,
,-4.36655,-4.62889,-2.37431,-2.92414,-0.653217,3.26203,3.54749,1.98364,1.98113,
,-4.98557,-2.99964,-1.85553,-1.07981,0.209466,4.62224,4.1356,3.48411,4.57291,
,-3.94202,-3.13598,-1.99878,-1.44668,2.36567,4.35742,5.11545,2.65614,3.50107,
,-4.31954,-3.2808,-1.49996,-1.47696,0.222543,2.88661,2.65674,5.39221,0.134242,
,-3.7126,-3.03964,-0.296844,-1.17354,2.22035,3.18816,4.93204,4.82499,4.40884,
,-4.62889,-3.24261,-1.68973,0.376036,2.10753,4.8082,5.60342,5.21263,3.79037,
,-4.01372,-1.8439,-1.03089,-1.15072,2.47089,5.59568,4.52767,1.42273,2.12993,
,-3.34796,-3.59926,-0.232437,0.147816,1.60456,4.10887,4.40256,1.88057,4.83481,
,-4.40575,-3.24261,-1.13959,-0.10303,3.14328,2.59625,3.94569,1.45017,2.27626,
,-3.7534,-3.59926,0.918329,2.13644,2.02136,1.48484,4.84617,5.13061,4.33352,
,-5.13971,-3.59926,-1.98624,0.877633,0.829682,4.39538,4.21416,6.52433,3.64381,
,-4.85203,0.00389242,-0.953863,-2.02617,1.82057,3.98457,3.39002,4.44811,3.93043,
,-4.85203,-3.7534,-0.622465,-2.87102,-1.03435,4.08745,5.41395,5.72719,3.22392,
,-4.04111,-1.2547,0.388048,-1.24789,-1.39171,3.55294,3.93022,3.51773,4.8742,
,,-1.89452,-0.468916,-3.63564,1.07004,4.45917,4.65189,4.65456,4.14192,
,,-1.83158,0.814391,-2.05627,1.76612,4.24801,4.51431,4.56663,4.21164,
,,-2.94249,-2.98023,-1.07353,0.689039,3.10162,2.70478,2.83314,3.75811,
,,-2.21293,-4.15888,-1.25502,1.09265,4.35735,1.31715,5.55213,4.1453,
,,-2.65481,-2.90611,-0.082393,3.51418,2.84938,2.39781,3.9959,3.02317,
,,-0.737057,-3.32055,0.124692,1.62631,3.18787,2.33697,5.08319,0.258488,
,,-3.46574,-2.94249,0.385058,0.457925,4.80818,4.91802,2.70064,4.14659,
,,-3.7534,-1.4446,-0.45402,1.55004,5.59566,4.83971,5.62118,3.95015,
,,-2.60074,-3.7126,-0.120779,-0.285103,4.10882,5.86532,5.09155,3.14864,
,,-0.693147,-1.35553,-0.0823387,2.17363,2.54233,5.3942,4.6857,3.94811,
,,-1.79565,0.0116321,1.35313,2.31743,1.45581,4.94484,3.88754,3.66021,
,,-2.17789,-2.03363,1.22513,1.59143,4.39534,3.40738,4.13248,2.20299,
,,-1.15072,-0.969665,-0.537255,2.17071,3.98264,4.25355,3.91012,5.49049,
,,-2.74182,-1.38922,-1.0173,0.0141691,4.07908,1.37254,5.67801,3.19215,
,,-1.65334,-0.712615,-1.20138,1.7918,3.5526,3.37976,3.65961,3.9451,
,,-1.93427,-2.54322,-3.06027,1.54239,4.45892,4.43406,3.11861,2.95446,
,,-1.55618,-0.0187242,0.0401818,1.83759,4.24797,5.70169,1.38994,3.44318,
,,-1.98982,-3.0371,-3.34796,0.798255,3.1014,3.87539,1.13583,2.79724,
,,-1.70573,-1.74721,0.282996,3.11323,2.69491,1.62849,2.86232,4.13057,
,,-0.603526,-3.2179,-1.37078,2.74938,4.4857,3.66142,5.6188,5.35621,
,,-3.67336,-1.55041,-0.926341,1.83062,4.65198,5.7715,3.47505,5.30912,
,,-1.01796,-1.90757,-0.0257179,2.63594,3.53806,3.90846,5.34685,2.43686,
,,-3.19379,-2.37677,-1.57489,1.43809,3.88039,5.39857,4.98869,4.09524,
,,-1.12633,-3.69281,-1.2616,0.600275,5.07684,4.40708,5.63636,5.03806,
,,-2.36712,-0.952592,-2.94249,1.29833,3.12166,4.082,3.47279,3.26646,
,,-1.45081,-1.05935,-2.19526,2.50963,4.23886,4.7644,3.7945,3.73479,
,,-1.57489,-3.46574,-0.762905,3.14276,2.89569,4.90834,5.32229,3.67209,
,,-3.06027,-0.915316,-1.81125,1.33047,4.34027,5.6682,3.16463,2.90001,
,,-2.17789,-1.39022,-0.548978,2.45861,3.04385,1.34459,1.45951,4.80639,
,,-1.17574,-3.59926,-1.10509,3.50042,4.28885,2.83575,4.50961,4.83438,
,,-2.45413,-2.34651,-0.887363,3.25314,5.5693,4.35581,2.49804,5.78338,
,,-1.93427,-0.965323,-2.01884,2.66864,3.98079,2.33725,4.89999,4.92914,
,,,-2.00419,-1.69238,-1.6445,5.52024,5.47854,2.23249,3.72135,
,,,-2.65481,-0.557306,1.29973,5.23157,5.35274,3.07298,4.63346,
,,,-0.775551,-1.54928,2.22977,2.25615,5.17961,3.4452,3.40875,
,,,-2.00419,-1.60117,0.648328,2.63651,2.92601,4.40709,5.20513,
,,,-0.926341,-3.10283,2.37271,5.10423,4.92362,3.37899,2.83394,
,,,-1.4446,-2.45413,2.77677,5.13147,6.06596,5.04773,2.59985,
,,,-2.75708,-1.21443,1.68979,3.9708,0.993074,5.26642,3.5101,
,,,-0.632523,0.0587405,1.2733,3.40255,6.27439,5.30246,3.84174,
,,,-3.34796,-2.36712,2.43763,3.23165,3.869,5.4061,2.8387,
,,,-1.28251,0.349388,1.04632,5.33908,3.69831,2.3632,3.40081,
,,,-0.439234,-2.72398,1.82692,4.67784,4.45203,1.50965,4.25501,
,,,-0.495313,-1.24303,2.68485,3.92369,1.95339,3.47609,5.14846,
,,,-1.16491,0.307485,-0.581203,2.90374,0.630149,4.23836,4.10622,
,,,-3.93575,-3.1761,1.80363,3.02693,3.82201,4.14376,4.81383,
,,,-1.67334,0.975201,3.53831,3.3581,3.29754,4.56423,2.72843,
,,,-3.02698,1.29755,0.580975,4.0532,5.09015,3.08061,4.74229,
,,,-2.29194,-1.30295,0.621366,5.10054,3.9047,3.74729,2.59099,
,,,-2.48296,0.473311,3.80302,2.77091,4.20913,3.60505,4.4123,
,,,-1.48691,0.507661,0.594183,5.49912,2.8312,4.60119,5.41417,
,,,-2.66879,0.124251,1.83164,5.12078,2.64414,4.59892,4.33947,
,,,-3.91102,0.132431,1.75926,5.5432,2.38626,2.12093,4.07197,
,,,-3.24261,0.239647,1.63946,4.14843,4.93518,2.00976,3.41987,
,,,-1.50211,-0.278603,-0.0559473,4.63797,1.35124,-1.21393,1.16416,
,,,-2.17789,-1.41202,0.706956,4.75283,4.61911,2.35081,4.4321,
,,,-2.17789,0.228569,0.846555,3.5435,4.28469,4.27664,3.5753,
,,,-1.96169,0.390081,1.88008,3.72743,4.50996,5.04832,2.94066,
,,,-1.06499,0.670799,0.526703,3.2465,1.58579,5.54035,5.02942,
,,,-0.669978,-0.740134,0.0418902,3.93496,4.56605,2.60232,5.42732,
,,,-1.35553,0.642064,-0.00980693,-0.259398,2.09267,4.57499,3.32367,
,,,-0.238143,-0.591114,1.43568,3.10905,1.93411,5.68338,3.31302,
,,,-2.42061,0.588786,2.46458,4.84886,3.88044,3.68547,4.71939,
,,,-1.8439,0.439416,1.47184,4.0245,5.01037,4.47577,6.07322,
,,,-1.272,,1.93804,2.04581,5.55211,3.57614,1.67701,
,,,0.973238,,-1.34701,2.99611,5.03322,5.30532,4.20706,
,,,0.189794,,2.22238,4.63277,5.05036,4.22114,4.05208,
,,,0.166869,,2.36228,4.69405,5.86934,0.400774,4.4379,
,,,-0.59642,,2.14857,3.97406,3.28269,6.60992,2.2301,
,,,-1.22769,,1.2169,2.33834,-0.665386,4.75434,2.3016,
,,,-1.36312,,3.32647,4.59629,4.80499,3.97675,4.12344,
,,,-2.01884,,5.15926,3.41141,3.04004,3.99106,2.7897,
,,,-0.716866,,2.49269,4.03707,5.14032,3.94616,4.63281,
,,,-3.93575,,1.16338,4.75191,3.04456,4.51828,5.11524,
,,,0.321286,,1.95628,0.419039,2.44861,2.49732,3.39609,
,,,-0.319434,,3.66691,5.75647,4.23793,5.59939,2.91879,
,,,-1.96169,,-1.07974,3.41511,1.96472,4.48686,2.15591,
,,,-1.76096,,1.69911,4.53661,3.86996,5.29539,2.65106,
,,,-0.724886,,-2.31336,5.19406,4.39088,2.1014,5.05815,
,,,-0.647333,,2.22465,4.76325,4.21318,6.18572,3.45417,
,,,-1.82884,,-0.537955,2.84651,3.01298,4.90418,4.07478,
,,,-0.0237191,,1.426,5.18931,3.91071,5.32817,4.59574,
,,,,,-0.615877,3.02074,4.45557,5.30848,3.97742,
,,,,,1.25405,5.66645,5.78634,3.53811,1.43975,
,,,,,-3.16955,4.07087,3.5262,5.61604,2.92761,
,,,,,1.48084,4.10624,2.76531,4.27428,0.00654851,
,,,,,1.92062,3.73754,3.01854,6.36865,2.64578,
,,,,,1.64162,3.84291,3.52808,3.09523,4.77362,
,,,,,0.490272,0.955323,3.38442,5.79677,2.95992,
,,,,,2.5675,4.89069,2.57198,4.92506,3.96895,
,,,,,2.89157,3.18268,4.19849,6.54933,4.52555,
,,,,,1.71373,2.85691,3.83349,5.16622,3.18231,
,,,,,3.35518,4.13416,3.67055,5.40576,4.34384,
,,,,,2.44122,4.6543,5.32563,3.19537,4.27631,
,,,,,-1.56852,4.49039,4.81972,5.44694,0.924441,
,,,,,-0.434142,4.77256,5.0142,4.91194,2.67791,
,,,,,2.91272,3.44842,4.08291,3.01947,5.5137,
,,,,,1.5582,4.23365,0.948669,6.62297,1.60065,
,,,,,1.12261,4.69232,4.88174,4.85388,4.16809,
,,,,,2.67206,6.31422,4.06094,6.44833,2.52203,
,,,,,1.85419,-0.0547001,2.37687,-1.62728,2.65153,
,,,,,4.24554,4.16447,1.45931,4.56686,4.12019,
,,,,,1.36684,5.01854,3.411,4.735,1.39362,
,,,,,2.65707,3.90763,4.50274,5.87648,0.834026,
,,,,,0.0820683,4.15732,2.59182,3.71028,1.57909,
,,,,,-2.15044,3.44821,5.02804,4.56985,0.789997,
,,,,,1.82159,4.21966,5.15732,4.74147,0.456773,
,,,,,0.346302,3.66486,3.41284,5.09118,-2.10408,
,,,,,3.22964,4.63221,4.35709,5.8198,4.85172,
,,,,,0.859128,4.31193,0.99648,5.97947,3.41766,
,,,,,1.63906,2.87004,2.70624,2.60607,3.73139,
,,,,,2.10771,4.72927,5.72825,3.03437,2.32876,
,,,,,1.70357,4.14169,4.17702,4.87003,2.94838,
,,,,,2.40585,5.00832,0.0504935,2.59857,5.4804,
,,,,,1.09047,5.73995,2.51306,1.74837,3.23542,
,,,,,1.47483,4.33287,3.65039,0.580354,3.42547,
,,,,,3.10038,4.40819,4.7243,4.2168,2.95247,
,,,,,2.11861,3.69466,5.37981,-0.394521,4.6079,
,,,,,3.30983,5.40299,1.31256,4.09831,5.53723,
,,,,,2.49449,4.41381,3.51803,4.77208,-0.0448321,
,,,,,2.52194,3.23744,4.00893,0.520917,1.91599,
,,,,,-0.329054,5.12861,4.49788,4.28163,3.29692,
,,,,,1.78627,5.57889,5.20679,3.33407,3.07481,
,,,,,0.140796,5.00303,-0.287108,5.85475,-2.13111,
,,,,,2.61145,4.87573,2.61378,4.26914,5.52505,
,,,,,0.436259,3.33747,4.7084,4.67769,5.01225,
,,,,,0.774437,4.08289,2.09704,2.99762,2.56509,
,,,,,3.30344,4.14713,0.968606,5.3211,4.4732,
,,,,,4.34534,4.07131,-1.90445,5.80399,4.60254,
,,,,,2.14632,4.53152,-0.991338,4.88721,4.27933,
,,,,,1.12772,4.20433,-0.498508,1.75178,1.65181,
,,,,,1.53225,4.20306,1.02868,3.14424,3.88369,
,,,,,-1.82585,4.53348,2.52192,3.13055,4.22779,
,,,,,2.26726,5.03719,3.9164,1.69798,3.676,
,,,,,1.45009,3.89177,2.71041,0.810241,4.20586,
,,,,,0.0964822,5.28147,4.18083,5.0394,2.08997,
,,,,,0.927899,2.81552,2.31653,-0.859728,2.97697,
,,,,,3.32742,3.49433,2.51544,-0.10433,5.26466,
,,,,,2.10142,2.8195,2.10343,4.55252,1.93566,
,,,,,2.56082,3.14431,4.6371,4.71641,3.69576,
,,,,,1.94181,4.24116,2.63984,3.25102,5.38181,
,,,,,-0.457383,3.91893,1.98864,2.28007,3.69249,
,,,,,-0.95857,4.96604,3.28568,-0.0376385,3.3938,
,,,,,2.79948,4.51075,4.81769,3.3946,4.55673,
,,,,,3.12132,2.81892,1.55835,3.00189,3.07496,
,,,,,2.44145,5.24509,3.04472,2.02338,3.06468,
,,,,,1.92317,4.58729,1.84949,3.92058,4.37253,
,,,,,2.57485,5.35556,4.17251,2.35898,5.87208,
,,,,,3.94873,2.73268,4.70921,1.48355,5.36396,
,,,,,2.30848,4.74285,4.27689,3.77341,1.46824,
,,,,,2.79932,5.27412,2.87386,3.14307,4.06292,
,,,,,0.735761,3.5311,4.32201,4.94387,0.959308,
,,,,,2.20418,5.06968,4.03191,3.23944,4.91999,
,,,,,1.26694,5.06621,3.98906,3.86366,5.71885,
,,,,,2.17039,4.38224,2.60693,3.5893,3.89317,
,,,,,1.26472,5.64651,2.69708,1.54959,4.30905,
,,,,,2.20399,3.92894,2.64476,4.71433,4.18765,
,,,,,0.688521,4.03627,3.95177,3.38185,2.82567,
,,,,,2.19223,2.79551,4.50154,3.80559,4.45184,
,,,,,1.92074,3.62811,2.77548,2.76641,1.94732,
,,,,,2.65029,1.86003,2.99481,3.65984,4.67492,
,,,,,5.34291,3.07213,4.43532,3.8382,4.46658,
,,,,,3.59517,-2.43207,3.69222,3.55193,4.30124,
,,,,,1.60631,3.15241,3.77604,3.99215,3.38722,
,,,,,6.19287,2.49172,3.6043,3.57469,5.88774,
,,,,,6.34316,2.78286,1.08806,2.56297,4.05461,
,,,,,7.11745,2.81056,4.54594,5.1935,3.94945,
,,,,,6.02429,3.5684,3.39263,3.89448,3.91408,
,,,,,3.45692,5.21152,2.75341,3.29541,2.63067,
,,,,,,0.893779,3.6118,2.65478,4.23994,
,,,,,5.34343,2.47736,3.04126,1.51648,4.59238,
,,,,,3.59517,3.46554,4.13889,4.05532,4.96052,
,,,,,1.60631,3.68314,2.79499,4.22095,4.18523,
,,,,,6.19287,1.24997,2.39136,5.0069,4.31515,
,,,,,6.34316,2.35997,3.57516,0.480826,2.4803,
,,,,,,1.83215,-0.142114,0.777323,4.84031,
,,,,,1.29555,-0.487653,3.4829,2.18449,5.31182,
,,,,,,1.98632,3.2276,2.58356,3.40909,
,,,,,,3.20446,3.13341,2.55342,5.34616,
,,,,,,1.86429,0.22042,4.76437,5.19987,
,,,,,,2.16951,1.12259,0.789298,5.11933,
,,,,,,1.88298,3.19961,3.25571,4.24398,
,,,,,,2.13482,0.0513583,3.41092,3.64503,
,,,,,,3.24201,1.59229,4.72263,5.72662,
,,,,,,-3.25875,1.50603,3.60581,2.92988,
,,,,,,2.04625,1.46152,5.47641,4.84704,
,,,,,,4.49196,4.01006,5.87227,4.28138,
,,,,,,2.35176,0.549508,4.7231,0.0569473,
,,,,,,1.45892,2.16849,1.96918,5.5527,
,,,,,,3.90025,2.95293,0.337814,4.85926,
,,,,,,3.66564,1.98872,-0.834814,4.82134,
,,,,,,2.80693,3.64957,1.5708,3.49761,
,,,,,,1.96135,,4.43567,3.99112,
,,,,,,3.48293,1.65636,5.47096,5.54224,
,,,,,,1.38799,2.44556,0.971033,1.30286,
,,,,,,3.78739,3.74771,4.75199,1.13223,
,,,,,,3.12369,-0.886465,3.61637,0.302273,
,,,,,,3.44968,3.54634,5.01152,1.40005,
,,,,,,2.05787,1.59369,3.60689,3.18978,
,,,,,,3.72343,2.99393,4.2945,2.69475,
,,,,,,1.4782,2.34132,4.3381,4.1234,
,,,,,,0.594624,-0.766578,1.53902,3.4224,
,,,,,,3.51727,3.85574,3.34635,3.7624,
,,,,,,3.6245,2.42819,4.03425,2.14628,
,,,,,,-2.22636,4.30212,3.74147,3.08565,
,,,,,,2.78709,3.16897,5.38744,4.50794,
,,,,,,0.951712,2.71189,4.94471,3.53891,
,,,,,,-0.803388,,3.59565,2.21319,
,,,,,,3.89739,,4.84754,5.41511,
,,,,,,4.1673,0.0992841,4.19286,2.9304,
,,,,,,4.52312,2.61813,5.84935,2.5464,
,,,,,,3.87113,2.34824,5.14688,3.45232,
,,,,,,5.3144,2.19341,4.73813,5.63663,
,,,,,,3.51561,2.9659,4.618,4.79015,
,,,,,,0.269042,2.14268,3.81714,2.82589,
,,,,,,4.87952,2.68038,4.76404,1.497,
,,,,,,3.82485,1.84062,4.60399,4.87261,
,,,,,,2.76132,-0.48996,3.56684,3.68196,
,,,,,,4.29027,-1.51748,3.38445,5.30101,
,,,,,,3.21868,0.27795,3.64537,4.38217,
,,,,,,4.9046,2.25632,0.0863979,3.30935,
,,,,,,3.29964,1.0355,4.86183,3.98721,
,,,,,,3.6299,3.21344,4.08236,4.65431,
,,,,,,3.87054,1.64911,3.74734,4.14558,
,,,,,,5.28386,2.03412,4.81878,3.2833,
,,,,,,-0.576373,3.50643,5.69857,3.33091,
,,,,,,5.7891,2.29549,3.34296,2.39523,
,,,,,,3.72818,3.28038,3.77388,2.383,
,,,,,,2.83931,1.10583,4.82564,2.6078,
,,,,,,-2.84212,0.0294229,4.14561,1.40401,
,,,,,,5.61376,3.83181,1.04711,4.25842,
,,,,,,3.37095,1.01811,0.7643,4.63024,
,,,,,,4.5048,4.12229,1.59984,6.60532,
,,,,,,5.51396,0.924287,0.826519,5.58163,
,,,,,,4.79865,1.8719,0.550938,1.70961,
,,,,,,4.14493,1.84802,0.799388,2.84873,
,,,,,,2.78587,-0.378912,1.27738,4.74821,
,,,,,,1.93694,1.80818,1.62825,2.6828,
,,,,,,4.92709,2.22693,4.2312,2.96408,
,,,,,,-0.382343,1.44048,5.43302,6.38204,
,,,,,,2.05055,-0.409548,3.76935,2.97915,
,,,,,,4.34213,2.33825,4.39699,5.64692,
,,,,,,5.00947,3.37083,-0.0904183,4.47883,
,,,,,,3.84441,1.58529,3.7078,4.02054,
,,,,,,4.55246,2.86763,3.53354,0.0826393,
,,,,,,4.82031,3.23392,4.76778,4.79502,
,,,,,,4.14646,2.91831,-0.532141,6.26942,
,,,,,,-0.104709,1.85034,1.85429,4.28618,
,,,,,,1.3957,2.50492,2.12831,4.52183,
,,,,,,5.05396,0.732555,2.71105,4.95115,
,,,,,,3.86046,2.20025,3.96208,2.90064,
,,,,,,5.13467,-2.18658,3.69193,5.14342,
,,,,,,0.69978,1.71147,4.03837,5.0074,
,,,,,,4.30627,0.0615654,4.06545,1.79446,
,,,,,,2.11004,2.60158,5.25654,4.97666,
,,,,,,4.01835,2.20823,2.81485,4.81088,
,,,,,,2.60814,1.43768,5.29549,5.18285,
,,,,,,3.70901,1.35152,4.12242,2.46437,
,,,,,,4.40009,3.69297,3.62887,4.68622,
,,,,,,4.4979,-0.0646665,3.38603,5.55581,
,,,,,,4.43814,4.84434,4.85661,3.80223,
,,,,,,4.01177,1.07946,4.71491,4.08195,
,,,,,,0.829608,2.97859,2.89341,5.39498,
,,,,,,2.42881,1.56357,4.37,6.06285,
,,,,,,4.25591,1.71751,5.51094,3.52318,
,,,,,,4.24903,2.79444,3.01754,4.65592,
,,,,,,0.633556,3.63361,5.56241,5.37702,
,,,,,,4.55443,2.22477,3.60523,5.48128,
,,,,,,1.03792,2.74634,4.50377,4.90197,
,,,,,,3.01142,2.30956,4.12067,4.11848,
,,,,,,4.31164,3.15247,1.53359,3.93926,
,,,,,,3.52529,2.3969,5.19685,5.20616,
,,,,,,-1.93009,4.13385,5.75947,2.92604,
,,,,,,1.09264,2.76105,4.24936,5.474,
,,,,,,4.47547,3.56474,1.39158,5.89421,
,,,,,,-0.348381,2.21914,3.45392,3.20452,
,,,,,,2.61051,2.3347,1.52031,2.01587,
,,,,,,5.1403,2.0628,3.57179,5.78407,
,,,,,,3.59402,1.4646,3.98687,2.11124,
,,,,,,5.51668,3.34992,2.85258,4.74587,
,,,,,,2.53141,2.13655,4.79839,,
,,,,,,3.03631,2.99672,5.10541,4.41932,
,,,,,,4.65396,3.25056,3.9458,1.7642,
,,,,,,4.52638,2.79377,4.13971,4.03733,
,,,,,,5.3064,2.59646,-0.0725137,,
,,,,,,4.96154,3.71036,3.35429,3.96361,
,,,,,,3.27935,3.8778,4.05366,3.95349,
,,,,,,3.77205,4.4795,3.49017,3.33245,
,,,,,,4.54081,0.431679,4.22869,3.38432,
,,,,,,3.0698,1.89385,3.21989,,
,,,,,,2.32095,-1.94676,6.17273,5.04026,
,,,,,,5.52179,-1.16062,3.10407,,
,,,,,,4.62655,-0.0960429,4.3015,3.76762,
,,,,,,3.49937,3.11834,3.94103,3.66179,
,,,,,,4.14983,4.27279,4.5095,1.73827,
,,,,,,5.10586,2.80984,4.29522,2.29179,
,,,,,,4.39769,3.49394,3.64131,3.27101,
,,,,,,3.25205,4.37614,6.10436,4.86746,
,,,,,,5.2299,3.6872,5.33508,,
,,,,,,2.97993,4.29532,4.81687,0.148592,
,,,,,,3.29225,4.20831,2.61991,4.87543,
,,,,,,5.41362,4.36414,3.36605,3.78321,
,,,,,,3.47579,3.96723,5.03235,2.56372,
,,,,,,2.96713,1.01187,3.15191,,
,,,,,,1.61542,3.96652,2.49068,2.36453,
,,,,,,3.14426,2.50713,4.18806,4.617,
,,,,,,3.69056,2.74129,5.76016,3.88884,
,,,,,,2.55598,-0.00570927,3.80345,2.95314,
,,,,,,4.67217,1.74324,3.47108,,
,,,,,,2.82867,3.58352,3.36038,-1.41001,
,,,,,,2.27483,3.03581,3.86325,-1.45081,
,,,,,,0.530311,1.99324,6.38115,2.48491,
,,,,,,1.48103,2.45088,2.16418,4.34679,
,,,,,,-1.96488,4.46952,4.23446,0.841696,
,,,,,,4.95925,0.402186,5.31417,4.15117,
,,,,,,1.23939,2.89448,4.39157,2.87605,
,,,,,,1.14095,2.32114,4.41074,3.321,
,,,,,,4.62448,-0.340721,4.61997,2.72011,
,,,,,,2.36968,3.38616,5.45175,4.21646,
,,,,,,0.248936,0.962285,2.96828,4.55628,
,,,,,,2.8599,3.85653,4.22647,,
,,,,,,3.60037,2.16997,4.88827,5.26636,
,,,,,,2.95358,2.96225,5.78019,0.584949,
,,,,,,2.56394,4.04051,3.49706,1.6774,
,,,,,,0.646637,3.85762,4.00317,-0.202839,
,,,,,,4.58807,3.37968,3.44755,-0.476279,
,,,,,,2.07576,2.87037,3.20606,0.638955,
,,,,,,4.4083,2.95547,1.04915,,
,,,,,,3.25061,2.11125,4.02234,4.3429,
,,,,,,1.21724,4.87179,1.61521,3.32884,
,,,,,,2.97905,4.46681,1.13168,1.49973,
,,,,,,3.19448,0.893419,2.35632,2.63067,
,,,,,,2.83291,3.51092,5.45859,3.07167,
,,,,,,4.9084,1.89585,3.25481,4.04258,
,,,,,,3.17094,3.2544,3.71034,,
,,,,,,3.9172,1.63446,3.54022,4.85601,
,,,,,,4.57361,3.48286,5.51616,,
,,,,,,4.79338,2.75307,4.11232,2.08333,
,,,,,,3.72531,1.03706,3.95127,4.44995,
,,,,,,6.0663,2.25007,2.1882,,
,,,,,,4.62132,1.74556,3.20842,4.29049,
,,,,,,5.44172,2.35762,5.92775,4.08219,
,,,,,,3.76633,1.89111,5.33174,4.68693,
,,,,,,3.23375,3.27839,4.13876,,
,,,,,,2.06717,-0.254419,4.46627,2.38084,
,,,,,,4.38111,4.26306,3.41492,0.91785,
,,,,,,0.645987,2.10124,2.29152,3.51788,
,,,,,,3.10492,1.73324,1.33955,3.45543,
,,,,,,5.28473,0.498524,1.72585,1.48435,
,,,,,,3.91163,4.85488,0.896247,3.64388,
,,,,,,1.25437,2.28439,2.37609,4.43221,
,,,,,,0.386928,3.94863,-0.0216374,3.05744,
,,,,,,0.161047,1.71686,1.36169,4.42265,
,,,,,,2.6941,3.22108,1.4798,2.94238,
,,,,,,5.36222,3.18626,3.12455,1.82064,
,,,,,,-0.260928,3.01016,1.91058,3.65667,
,,,,,,4.10281,4.00707,-0.504429,2.12921,
,,,,,,3.78119,2.21095,2.69544,,
,,,,,,3.69734,2.76074,4.23375,2.15047,
,,,,,,5.19405,5.1249,5.16942,1.57131,
,,,,,,3.43453,2.76555,4.94664,5.02079,
,,,,,,2.73615,2.75068,2.55373,3.20908,
,,,,,,3.43545,4.62404,4.83293,4.67884,
,,,,,,3.20349,3.16167,4.8739,5.10468,
,,,,,,3.51749,2.69972,6.16277,5.85953,
,,,,,,3.16598,4.27986,4.35315,4.80968,
,,,,,,4.93161,3.79048,4.31073,3.65876,
,,,,,,3.94409,3.3833,5.34056,4.50704,
,,,,,,4.26729,0.917873,5.86169,5.1432,
,,,,,,1.39077,1.56509,4.85012,5.29823,
,,,,,,0.0887981,3.0167,4.04474,2.12133,
,,,,,,4.98028,4.4879,-0.595026,5.55972,
,,,,,,4.73048,2.42415,4.68262,5.31602,
,,,,,,4.76564,2.70459,3.47335,5.35055,
,,,,,,-1.49931,1.99258,6.05835,5.71819,
,,,,,,4.07176,2.12694,4.95575,3.79166,
,,,,,,4.4783,3.95586,5.84493,-2.59267,
,,,,,,-2.17048,3.07035,5.63562,4.07542,
,,,,,,5.14452,3.77454,4.83163,2.9474,
,,,,,,-0.312137,4.43995,3.29022,5.22863,
,,,,,,1.30272,4.12074,2.6833,4.40933,
,,,,,,0.422519,0.736695,3.02514,2.38779,
,,,,,,-0.393312,-1.88913,3.08552,2.35776,
,,,,,,4.8229,2.31247,5.17835,4.32689,
,,,,,,4.9702,2.50962,3.87228,5.74986,
,,,,,,3.29363,2.08195,3.86757,5.34116,
,,,,,,4.2866,4.63716,3.34001,3.77711,
,,,,,,2.62751,2.63977,4.56083,2.75975,
,,,,,,3.98362,1.98829,4.85685,2.69294,
,,,,,,1.15395,3.28565,5.09155,4.00969,
,,,,,,4.92104,4.81754,5.80163,3.07611,
,,,,,,1.36766,1.55744,4.99333,5.45294,
,,,,,,3.05961,3.04464,5.78293,5.43727,
,,,,,,4.13637,1.83242,5.68868,4.1729,
,,,,,,1.39262,4.17176,4.72553,0.669991,
,,,,,,4.06252,4.70509,3.80703,4.44897,
,,,,,,4.2533,4.27695,3.34944,4.75922,
,,,,,,4.01244,2.87382,4.58496,4.78383,
,,,,,,4.83825,4.32165,4.33803,5.42118,
,,,,,,2.79324,4.02978,4.65122,4.13813,
,,,,,,1.68523,3.98908,5.46593,5.08481,
,,,,,,3.1484,2.60188,4.65486,4.08305,
,,,,,,5.52844,2.69703,2.11251,5.14934,
,,,,,,2.5983,2.64408,4.81782,4.20973,
,,,,,,3.11278,3.95182,4.77936,-0.52846,
,,,,,,2.91194,4.49924,4.3191,3.77581,
,,,,,,3.21441,2.77515,1.55085,2.48092,
,,,,,,2.86503,2.99477,6.28439,2.28768,
,,,,,,2.87325,4.43496,4.48041,0.720256,
,,,,,,0.619915,3.6922,5.83788,1.86668,
,,,,,,4.1004,3.77606,3.40871,0.525285,
,,,,,,2.34871,3.60423,4.98246,2.97683,
,,,,,,3.05391,1.08641,5.19607,0.809235,
,,,,,,0.969191,4.54539,2.94887,1.38441,
,,,,,,1.79232,3.38986,3.5439,1.78904,
,,,,,,3.71447,,4.34593,2.79705,
,,,,,,3.04517,,4.40357,1.44276,
,,,,,,3.89159,,3.50684,4.63653,
,,,,,,3.47779,,5.15944,4.72302,
,,,,,,2.7869,,-1.68334,2.79705,
,,,,,,0.603212,,4.70749,4.36136,
,,,,,,3.91529,,4.65998,3.49914,
,,,,,,1.49523,,2.65702,4.5584,
,,,,,,3.6411,,4.06311,4.32976,
,,,,,,4.30205,,3.26174,2.53966,
,,,,,,3.0418,,4.26331,4.17265,
,,,,,,4.24702,,5.61393,5.55341,
,,,,,,2.83701,,5.16905,3.71155,
,,,,,,2.80411,,5.37842,3.30324,
,,,,,,2.10654,,4.91619,4.58322,
,,,,,,1.03951,,6.00942,5.27435,
,,,,,,1.89311,,4.78862,3.64036,
,,,,,,3.23145,,4.73007,5.66028,
,,,,,,3.77792,,3.99731,4.54356,
,,,,,,1.63311,,6.60368,3.69217,
,,,,,,1.12894,,4.01518,5.01576,
,,,,,,2.85153,,2.78934,4.80353,
,,,,,,3.20641,,5.61909,5.05377,
,,,,,,-0.640574,,2.26591,3.72331,
,,,,,,2.08138,,5.09894,4.92185,
,,,,,,1.50161,,3.60877,4.30022,
,,,,,,3.2355,,4.80801,0.227462,
,,,,,,-0.326521,,-1.14872,3.89403,
,,,,,,2.2879,,4.77858,3.46195,
,,,,,,2.59751,,4.67571,4.16822,
,,,,,,3.18136,,3.45641,3.7826,
,,,,,,2.42274,,5.2419,5.1169,
,,,,,,3.04948,,5.98886,5.20725,
,,,,,,2.89582,,5.1485,4.4057,
,,,,,,2.35015,,1.62869,2.97094,
,,,,,,1.51529,,2.75688,3.79959,
,,,,,,2.17408,,3.58053,4.67851,
,,,,,,3.76977,,4.65763,3.71583,
,,,,,,0.581478,,6.17553,2.72386,
,,,,,,-0.160412,,3.63703,0.409909,
,,,,,,3.15539,,5.47473,3.85983,
,,,,,,1.02275,,5.82893,5.36448,
,,,,,,2.8881,,3.54692,3.04209,
,,,,,,3.35501,,3.63212,5.52298,
,,,,,,1.18992,,5.9589,3.42322,
,,,,,,2.12755,,4.74157,0.734289,
,,,,,,1.54542,,4.68134,1.99039,
,,,,,,2.92326,,3.88939,4.99613,
,,,,,,1.36098,,3.63117,5.02939,
,,,,,,0.193138,,4.18927,5.04877,
,,,,,,0.80425,,4.60881,5.33503,
,,,,,,4.4924,,-1.08306,2.78328,
,,,,,,-2.07191,,3.14234,5.97065,
,,,,,,-0.525848,,4.83702,2.6407,
,,,,,,-0.404541,,4.69279,-0.0439205,
,,,,,,3.07489,,3.62893,3.69009,
,,,,,,1.87954,,4.51055,3.38698,
,,,,,,2.47594,,0.954226,4.84633,
,,,,,,2.23757,,5.49519,-1.31236,
,,,,,,1.31518,,0.683481,3.9364,
,,,,,,0.0895939,,3.37269,0.304421,
,,,,,,0.4347,,5.07669,0.62244,
,,,,,,3.24894,,4.59196,3.71477,
,,,,,,0.885749,,2.86711,3.08681,
,,,,,,1.83196,,5.00417,4.17109,
,,,,,,2.60276,,5.13144,4.0571,
,,,,,,0.356345,,2.69542,3.60999,
,,,,,,1.07924,,4.19287,3.99678,
,,,,,,3.49441,,2.96809,4.53306,
,,,,,,3.21303,,6.19938,2.81462,
,,,,,,2.39327,,3.27045,0.54904,
,,,,,,2.46026,,2.80121,4.21324,
,,,,,,2.67382,,3.85901,2.61531,
,,,,,,2.18302,,0.311103,2.26798,
,,,,,,-0.396548,,5.17921,4.65332,
,,,,,,0.294943,,3.73122,4.77085,
,,,,,,3.25479,,5.98634,4.51487,
,,,,,,0.946125,,3.72884,2.68811,
,,,,,,3.06801,,-1.67877,1.74844,
,,,,,,3.92437,,5.08774,3.73908,
,,,,,,2.00845,,4.24884,4.3766,
,,,,,,1.92051,,5.59188,5.17661,
,,,,,,2.29922,,5.00961,4.26213,
,,,,,,4.07357,,5.14251,4.69631,
,,,,,,1.43003,,5.16217,3.18429,
,,,,,,2.39904,,5.35504,3.38966,
,,,,,,3.15613,,3.4866,4.55422,
,,,,,,2.49494,,2.31283,3.52183,
,,,,,,3.31394,,5.07429,1.13378,
,,,,,,2.5898,,3.69229,4.69458,
,,,,,,0.0719392,,4.21868,2.04205,
,,,,,,4.18041,,5.5795,5.86974,
,,,,,,2.62038,,5.05683,3.36328,
,,,,,,3.68194,,6.44214,5.11249,
,,,,,,2.58299,,4.30682,3.05336,
,,,,,,3.99311,,5.49231,4.4928,
,,,,,,4.15876,,4.6404,3.29994,
,,,,,,3.39869,,4.24673,4.20366,
,,,,,,2.44909,,4.86128,3.64375,
,,,,,,2.26863,,6.06074,4.15477,
,,,,,,1.91864,,5.48694,5.01677,
,,,,,,2.85643,,3.61259,4.03635,
,,,,,,2.71555,,5.79951,4.21876,
,,,,,,1.14176,,1.29401,8.04568,
,,,,,,4.27421,,5.14704,3.10638,
,,,,,,2.68404,,2.05373,4.2452,
,,,,,,2.7089,,4.41818,,
,,,,,,3.12653,,5.73906,5.24132,
,,,,,,-0.469658,,5.45545,7.96398,
,,,,,,3.58931,,1.45464,,
,,,,,,2.32306,,3.78563,5.47692,
,,,,,,3.23214,,5.45213,4.91207,
,,,,,,3.09713,,4.25052,4.64381,
,,,,,,1.54814,,2.94913,4.7647,
,,,,,,2.95814,,5.548,3.74202,
,,,,,,2.78082,,5.27351,4.21077,
,,,,,,4.19355,,4.30669,4.65167,
,,,,,,4.21986,,3.84574,5.079,
,,,,,,1.36214,,3.5133,5.95249,
,,,,,,1.80484,,3.39605,3.93847,
,,,,,,1.23926,,5.51384,4.13606,
,,,,,,4.00112,,4.74219,4.80994,
,,,,,,1.80884,,2.36712,3.65007,
,,,,,,1.27671,,0.617561,3.95305,
,,,,,,4.25132,,2.39169,3.81657,
,,,,,,2.0367,,4.06581,5.22843,
,,,,,,2.84943,,1.76502,5.72842,
,,,,,,2.51833,,2.63995,4.51034,
,,,,,,-0.0167231,,-0.604765,4.4154,
,,,,,,0.548896,,1.41294,5.91844,
,,,,,,2.62216,,-0.573238,3.41735,
,,,,,,1.13664,,2.43475,4.71155,
,,,,,,-1.11038,,1.1538,4.6208,
,,,,,,3.85287,,-0.697945,6.47817,
,,,,,,4.15198,,5.5517,7.13958,
,,,,,,1.77984,,4.43659,7.31847,
,,,,,,0.581484,,6.39779,7.24036,
,,,,,,3.57572,,4.37614,6.14126,
,,,,,,1.40376,,2.26294,5.81818,
,,,,,,3.50851,,2.6269,6.68314,
,,,,,,-1.26206,,4.77503,7.65964,
,,,,,,4.49419,,3.466,7.10693,
,,,,,,4.01399,,3.50041,5.69981,
,,,,,,2.16861,,4.87209,6.49065,
,,,,,,2.90408,,5.11132,3.00623,
,,,,,,3.23063,,5.62326,7.27281,
,,,,,,2.82345,,2.89446,6.59077,
,,,,,,3.36611,,3.13931,1.97739,
,,,,,,1.06849,,-0.766062,7.11176,
,,,,,,3.22396,,2.99781,5.50492,
,,,,,,1.89341,,-2.17162,6.03954,
,,,,,,4.02904,,1.37009,6.13138,
,,,,,,3.62722,,-0.961084,5.60558,
,,,,,,1.85675,,2.83019,6.78865,
,,,,,,3.4769,,2.90038,3.06931,
,,,,,,1.68374,,3.22644,,
,,,,,,4.1498,,3.23791,4.6386,
,,,,,,2.26669,,-0.756144,4.32152,
,,,,,,4.46755,,-1.23449,2.13717,
,,,,,,2.21039,,0.774888,2.42716,
,,,,,,4.68621,,2.09663,4.55031,
,,,,,,1.99446,,3.39788,4.11364,
,,,,,,-1.23199,,2.76677,2.30987,
,,,,,,4.76883,,2.3685,4.72,
,,,,,,3.95392,,2.85738,2.33285,
,,,,,,2.9222,,-0.132784,-0.922661,
,,,,,,0.142723,,2.59642,1.85422,
,,,,,,-0.694736,,2.0007,1.65971,
,,,,,,3.46207,,2.30946,3.06334,
,,,,,,3.46608,,-0.46926,3.78421,
,,,,,,-0.579403,,0.457108,3.24162,
,,,,,,2.92115,,2.48522,5.05885,
,,,,,,2.40666,,3.27558,5.14552,
,,,,,,3.44866,,2.17341,2.81994,
,,,,,,3.3094,,1.8966,3.80978,
,,,,,,3.77895,,-1.13625,4.52232,
,,,,,,3.10406,,-0.226547,3.88028,
,,,,,,3.08124,,2.86206,1.71227,
,,,,,,3.57176,,-0.0360656,4.10223,
,,,,,,1.37977,,2.64829,3.61733,
,,,,,,1.43417,,3.08747,2.32896,
,,,,,,3.29977,,4.17771,2.89137,
,,,,,,4.05788,,3.84396,5.59204,
,,,,,,1.95618,,2.65223,2.31237,
,,,,,,2.49354,,0.559507,5.88779,
,,,,,,1.81562,,2.47487,3.72176,
,,,,,,3.798,,2.56854,3.37657,
,,,,,,2.77799,,2.84366,3.43997,
,,,,,,3.83015,,2.96144,4.47336,
,,,,,,3.03535,,4.16604,3.80835,
,,,,,,3.66507,,4.92612,4.4429,
,,,,,,2.37662,,4.63341,4.23368,
,,,,,,-1.45131,,3.97448,4.80539,
,,,,,,4.20343,,4.94801,1.44767,
,,,,,,3.21976,,4.82618,3.67694,
,,,,,,3.93027,,1.74078,3.07291,
,,,,,,3.47548,,5.28686,4.76414,
,,,,,,2.54509,,3.35596,4.52247,
,,,,,,4.89092,,3.44427,3.69802,
,,,,,,3.31495,,0.963506,3.53224,
,,,,,,2.45082,,5.19018,4.91878,
,,,,,,3.81167,,6.21968,4.01183,
,,,,,,1.49837,,4.17747,2.68811,
,,,,,,2.85451,,4.73363,4.14425,
,,,,,,2.69634,,5.75633,3.36838,
,,,,,,-0.556067,,3.82087,2.23131,
,,,,,,3.77464,,5.82471,5.5305,
,,,,,,3.03206,,4.67661,3.0105,
,,,,,,1.45261,,4.8467,3.55064,
,,,,,,3.91483,,4.01497,4.68298,
,,,,,,0.965827,,4.57646,1.17111,
,,,,,,4.14578,,5.02518,2.93821,
,,,,,,2.74421,,3.76201,2.61861,
,,,,,,2.97303,,3.2259,4.72617,
,,,,,,4.28735,,5.25214,4.07452,
,,,,,,3.89409,,5.74347,4.49889,
,,,,,,2.98907,,4.58146,3.8318,
,,,,,,3.32025,,4.88713,5.7458,
,,,,,,3.222,,4.14232,3.77041,
,,,,,,2.20274,,4.57509,5.1111,
,,,,,,3.59445,,5.24027,4.10595,
,,,,,,1.23784,,7.53848,3.43267,
,,,,,,-0.0914039,,4.33778,5.02989,
,,,,,,4.37414,,7.20538,4.61316,
,,,,,,-0.316887,,4.67673,2.55446,
,,,,,,3.30227,,6.21953,1.60854,
,,,,,,3.57288,,6.36745,3.59112,
,,,,,,4.15883,,6.02834,4.08388,
,,,,,,0.752835,,4.77306,5.2229,
,,,,,,3.3546,,6.9712,4.21617,
,,,,,,1.69617,,6.19293,4.99614,
,,,,,,3.69652,,5.37185,5.16393,
,,,,,,-1.05281,,6.21078,4.26006,
,,,,,,0.0305292,,2.39976,2.44627,
,,,,,,2.83757,,2.62585,4.51902,
,,,,,,3.19612,,2.94054,1.98264,
,,,,,,3.87727,,7.28946,1.03925,
,,,,,,1.30192,,5.42653,5.53638,
,,,,,,3.12147,,4.81679,2.14831,
,,,,,,3.25273,,5.86395,2.63899,
,,,,,,1.38102,,6.81813,1.85825,
,,,,,,3.56831,,6.77102,0.672368,
,,,,,,4.17756,,3.54213,3.60396,
,,,,,,3.86107,,4.87772,4.97265,
,,,,,,1.42335,,5.70712,5.74224,
,,,,,,0.681368,,3.79056,4.68852,
,,,,,,1.22932,,3.37223,5.13605,
,,,,,,0.231413,,5.50273,3.82838,
,,,,,,0.870372,,4.38054,0.90624,
,,,,,,2.20852,,5.42971,4.1668,
,,,,,,3.21693,,4.06709,3.37912,
,,,,,,2.88905,,6.96598,2.82193,
,,,,,,3.87216,,4.23885,4.49489,
,,,,,,2.32894,,7.46653,4.64724,
,,,,,,3.86256,,6.22682,3.89023,
,,,,,,2.69913,,6.19172,4.14596,
,,,,,,3.2514,,5.99949,4.00356,
,,,,,,1.61023,,5.08705,5.14922,
,,,,,,3.20461,,5.14119,1.34649,
,,,,,,3.93613,,5.87675,0.495903,
,,,,,,2.11152,,7.0347,0.283418,
,,,,,,3.71074,,8.40751,0.618327,
,,,,,,3.74037,,5.98763,1.27327,
,,,,,,3.46689,,7.26564,0.032564,
,,,,,,3.74093,,3.82184,-0.185814,
,,,,,,1.58295,,4.08932,2.26803,
,,,,,,3.16433,,4.17095,2.51465,
,,,,,,3.21867,,4.94798,3.7176,
,,,,,,4.41714,,5.8829,4.2996,
,,,,,,3.14069,,5.10382,4.57176,
,,,,,,2.0248,,5.99139,4.29332,
,,,,,,4.08656,,7.58837,5.63434,
,,,,,,3.50139,,7.2864,3.18784,
,,,,,,2.00198,,7.28228,4.12164,
,,,,,,2.60452,,6.2107,4.51199,
,,,,,,3.25944,,7.03949,4.2766,
,,,,,,2.34036,,6.82152,2.89611,
,,,,,,4.01694,,6.06974,5.18767,
,,,,,,3.70224,,4.64025,5.19214,
,,,,,,3.03797,,5.86618,3.56916,
,,,,,,3.1222,,5.38775,5.37604,
,,,,,,-0.879896,,4.79173,4.86245,
,,,,,,3.92808,,4.60617,1.20334,
,,,,,,3.57766,,5.84409,4.52832,
,,,,,,0.982356,,6.13474,4.54093,
,,,,,,-0.0431455,,6.09969,3.07092,
,,,,,,1.92972,,4.23919,4.74443,
,,,,,,2.88849,,6.59154,4.54956,
,,,,,,-0.207542,,4.74371,4.60417,
,,,,,,1.49418,,5.6269,4.30182,
,,,,,,3.27114,,5.89938,2.81275,
,,,,,,4.62382,,3.45584,4.48438,
,,,,,,5.12012,,3.20226,3.77568,
,,,,,,3.94872,,6.54364,3.87304,
,,,,,,1.57994,,5.1165,5.13168,
,,,,,,2.83403,,4.63677,4.70783,
,,,,,,3.24232,,7.1025,4.75071,
,,,,,,1.58521,,-0.867691,3.42076,
,,,,,,-0.551858,,4.32395,1.33976,
,,,,,,4.06538,,6.19479,0.903112,
,,,,,,-0.656752,,,4.38624,
,,,,,,1.91185,,6.05749,5.27369,
,,,,,,3.10632,,,2.29442,
,,,,,,0.0653944,,7.40361,5.48259,
,,,,,,3.58882,,4.87375,4.98613,
,,,,,,4.12677,,6.76726,3.3207,
,,,,,,3.44365,,5.44833,3.71271,
,,,,,,2.90706,,,4.96751,
,,,,,,2.95168,,,2.88567,
,,,,,,2.64931,,6.95263,5.4052,
,,,,,,3.12107,,6.25385,4.80874,
,,,,,,2.76183,,4.22243,2.8232,
,,,,,,1.53285,,7.13489,4.51251,
,,,,,,1.72455,,2.92515,5.72089,
,,,,,,3.66087,,7.2103,5.21299,
,,,,,,2.38437,,5.72336,3.45625,
,,,,,,1.61695,,4.7986,4.74282,
,,,,,,4.57016,,3.04747,3.94301,
,,,,,,2.62213,,3.53094,4.85926,
,,,,,,2.70646,,1.43258,2.73835,
,,,,,,3.72511,,3.04446,3.6463,
,,,,,,-1.34755,,3.72839,4.12426,
,,,,,,2.12203,,2.11195,5.02979,
,,,,,,3.17372,,1.94637,0.882746,
,,,,,,0.908428,,1.89016,0.864463,
,,,,,,0.999116,,0.908948,1.13149,
,,,,,,-1.60289,,3.24447,5.3991,
,,,,,,2.24195,,-0.101318,4.32768,
,,,,,,2.77743,,2.95143,4.13774,
,,,,,,0.663924,,1.68185,5.26255,
,,,,,,3.60298,,-0.455788,4.68677,
,,,,,,2.79571,,2.84186,1.60183,
,,,,,,3.45948,,3.48071,5.90362,
,,,,,,3.53002,,4.04872,1.82352,
,,,,,,2.73868,,1.01963,4.76038,
,,,,,,3.10238,,2.36318,4.47088,
,,,,,,2.46208,,3.14155,3.48162,
,,,,,,1.79407,,1.30267,5.68403,
,,,,,,3.51818,,2.80486,2.97841,
,,,,,,3.59915,,0.711041,4.82916,
,,,,,,3.3987,,1.67403,4.7845,
,,,,,,2.10612,,1.30033,4.35702,
,,,,,,1.68393,,2.86489,3.20684,
,,,,,,4.09357,,2.68501,4.25927,
,,,,,,4.28817,,2.65365,5.71586,
,,,,,,3.26066,,1.36985,3.17825,
,,,,,,3.33609,,3.24104,-1.24285,
,,,,,,3.89197,,0.674657,4.16292,
,,,,,,2.15409,,3.12532,3.98531,
,,,,,,0.420472,,4.16393,3.45435,
,,,,,,3.77664,,2.45624,4.47351,
,,,,,,3.73279,,3.15159,4.71149,
,,,,,,2.75572,,2.92121,3.6426,
,,,,,,3.12075,,2.37283,2.92621,
,,,,,,-2.50415,,0.982457,4.72718,
,,,,,,4.11157,,0.351889,2.27417,
,,,,,,3.69119,,1.97669,1.14388,
,,,,,,3.28696,,-1.98765,4.95707,
,,,,,,2.70858,,1.60823,5.06513,
,,,,,,2.76851,,3.26151,4.47488,
,,,,,,3.44568,,2.31372,3.68087,
,,,,,,3.02797,,0.179041,4.23947,
,,,,,,3.67294,,-2.84678,-0.370348,
,,,,,,2.99868,,2.26188,4.1034,
,,,,,,2.93519,,2.40695,4.89676,
,,,,,,0.189545,,3.70357,4.46793,
,,,,,,3.84582,,2.34985,4.75065,
,,,,,,4.0274,,3.58257,2.93472,
,,,,,,3.79959,,1.86547,4.58784,
,,,,,,5.77256,,1.63636,5.48957,
,,,,,,3.50694,,4.30044,5.4954,
,,,,,,3.14965,,2.88922,4.81183,
,,,,,,0.443788,,-1.28267,2.50584,
,,,,,,-2.36712,,3.36284,3.54951,
,,,,,,3.02888,,3.53328,3.35221,
,,,,,,,,1.51787,5.18176,
,,,,,,1.46469,,4.26824,3.8778,
,,,,,,1.12243,,1.94547,4.97226,
,,,,,,0.483105,,2.91646,4.76767,
,,,,,,3.06606,,3.71543,2.28406,
,,,,,,4.11462,,1.87779,5.55212,
,,,,,,4.26541,,2.55665,3.50914,
,,,,,,2.80295,,1.4066,5.69103,
,,,,,,4.30438,,3.39983,4.73434,
,,,,,,2.88287,,2.3884,4.27241,
,,,,,,1.96059,,2.70785,0.5092,
,,,,,,3.19787,,2.55864,3.01846,
,,,,,,1.90679,,1.0917,3.5633,
,,,,,,2.41549,,2.69921,2.17423,
,,,,,,4.00688,,3.61605,4.91076,
,,,,,,2.96697,,2.22282,3.53192,
,,,,,,,,3.2808,1.43487,
,,,,,,-2.16083,,3.37929,5.63184,
,,,,,,,,2.5971,3.75459,
,,,,,,,,3.74918,4.8961,
,,,,,,,,,0.835918,
,,,,,,,,4.39712,4.85324,
,,,,,,,,5.19855,4.99208,
,,,,,,,,3.7312,3.36877,
,,,,,,,,3.52848,4.79225,
,,,,,,,,3.96104,3.35257,
,,,,,,,,5.64188,4.78016,
,,,,,,,,3.8659,4.14288,
,,,,,,,,2.0838,2.40754,
,,,,,,,,4.17753,2.59056,
,,,,,,,,3.76542,3.79252,
,,,,,,,,3.50199,5.38643,
,,,,,,,,4.56429,1.54498,
,,,,,,,,4.34162,2.69426,
,,,,,,,,4.37622,5.14571,
,,,,,,,,2.50106,3.08142,
,,,,,,,,4.11209,4.11429,
,,,,,,,,3.59253,4.7242,
,,,,,,,,4.31119,4.80232,
,,,,,,,,2.34251,4.43379,
,,,,,,,,3.51927,2.96332,
,,,,,,,,3.74657,3.96303,
,,,,,,,,2.26499,3.95439,
,,,,,,,,4.94944,3.06402,
,,,,,,,,2.87396,3.23144,
,,,,,,,,0.674102,4.24734,
,,,,,,,,2.35264,1.99755,
,,,,,,,,4.04852,4.28379,
,,,,,,,,4.10947,4.01971,
,,,,,,,,4.23887,3.50868,
,,,,,,,,4.66396,3.87508,
,,,,,,,,5.15904,3.93842,
,,,,,,,,4.6253,2.97259,
,,,,,,,,2.09956,1.26046,
,,,,,,,,3.46715,2.12259,
,,,,,,,,4.78887,1.94406,
,,,,,,,,-1.73127,1.09105,
,,,,,,,,3.54656,0.489089,
,,,,,,,,3.55908,2.21386,
,,,,,,,,2.6373,1.45339,
,,,,,,,,4.20162,1.57463,
,,,,,,,,4.82557,4.18091,
,,,,,,,,3.78446,4.29518,
,,,,,,,,2.45711,3.69244,
,,,,,,,,3.07565,2.39509,
,,,,,,,,3.11236,-1.76667,
,,,,,,,,2.70274,-0.746436,
,,,,,,,,2.49966,0.383676,
,,,,,,,,2.34609,0.480102,
,,,,,,,,3.88467,3.80993,
,,,,,,,,3.28701,-0.8779,
,,,,,,,,1.45644,-0.733836,
,,,,,,,,4.96302,2.5335,
,,,,,,,,2.52184,3.11718,
,,,,,,,,4.02365,4.93865,
,,,,,,,,3.32435,2.92859,
,,,,,,,,3.92144,3.49596,
,,,,,,,,4.42718,2.49767,
,,,,,,,,1.83434,0.169127,
,,,,,,,,2.71135,0.222087,
,,,,,,,,2.51398,2.27222,
,,,,,,,,0.184419,3.43774,
,,,,,,,,3.35813,3.56113,
,,,,,,,,1.85961,4.71654,
,,,,,,,,2.86938,1.26255,
,,,,,,,,3.63903,4.61996,
,,,,,,,,1.93269,4.26299,
,,,,,,,,2.59737,2.98718,
,,,,,,,,3.98072,0.405085,
,,,,,,,,2.86383,3.49364,
,,,,,,,,1.35954,5.05596,
,,,,,,,,3.63969,2.82765,
,,,,,,,,4.09947,1.55017,
,,,,,,,,-0.235179,3.72626,
,,,,,,,,3.3301,0.784595,
,,,,,,,,-2.0579,1.15153,
,,,,,,,,2.18613,2.20117,
,,,,,,,,2.18856,-1.43264,
,,,,,,,,4.72288,0.996159,
,,,,,,,,3.38765,2.40357,
,,,,,,,,3.12098,1.06536,
,,,,,,,,2.1082,1.95891,
,,,,,,,,3.51271,3.47519,
,,,,,,,,4.34576,0.57068,
,,,,,,,,3.1091,3.56518,
,,,,,,,,3.75965,4.07877,
,,,,,,,,2.68319,3.46276,
,,,,,,,,1.54434,2.55598,
,,,,,,,,3.10034,1.59691,
,,,,,,,,3.06841,1.54534,
,,,,,,,,3.6823,4.34221,
,,,,,,,,2.97741,2.18553,
,,,,,,,,3.33509,3.28361,
,,,,,,,,4.01699,2.58907,
,,,,,,,,1.65109,3.7215,
,,,,,,,,-0.353151,3.33727,
,,,,,,,,1.83086,3.14152,
,,,,,,,,0.553845,3.21384,
,,,,,,,,0.0132518,2.67776,
,,,,,,,,-0.0218418,1.78747,
,,,,,,,,2.8331,3.0856,
,,,,,,,,3.62158,4.05323,
,,,,,,,,1.65823,-0.732327,
,,,,,,,,3.8109,2.36538,
,,,,,,,,2.65158,1.75429,
,,,,,,,,3.75973,1.37027,
,,,,,,,,2.43055,2.79222,
,,,,,,,,1.65685,3.65564,
,,,,,,,,3.509,1.86356,
,,,,,,,,0.831443,4.27542,
,,,,,,,,1.51006,2.98457,
,,,,,,,,3.12055,2.14537,
,,,,,,,,2.46184,0.7108,
,,,,,,,,3.21461,-1.21671,
,,,,,,,,2.95794,0.0331349,
,,,,,,,,2.54357,-0.0206069,
,,,,,,,,1.84734,-1.32368,
,,,,,,,,3.52444,-0.96669,
,,,,,,,,-0.846403,-0.880246,
,,,,,,,,3.26697,1.97417,
,,,,,,,,2.11185,2.0641,
,,,,,,,,3.34445,-1.91276,
,,,,,,,,2.58446,0.0927888,
,,,,,,,,2.63824,0.465374,
,,,,,,,,4.01388,-1.66209,
,,,,,,,,4.93156,1.07067,
,,,,,,,,2.85955,0.256277,
,,,,,,,,2.53701,-0.213323,
,,,,,,,,3.47916,2.54547,
,,,,,,,,4.289,3.2976,
,,,,,,,,2.28562,1.23378,
,,,,,,,,1.39421,3.43416,
,,,,,,,,3.92842,1.9629,
,,,,,,,,1.98369,3.38863,
,,,,,,,,4.6973,1.50803,
,,,,,,,,3.2299,-0.55448,
,,,,,,,,3.88941,-0.258983,
,,,,,,,,4.00941,0.644991,
,,,,,,,,3.81497,3.05643,
,,,,,,,,4.43444,2.51561,
,,,,,,,,0.606456,1.80018,
,,,,,,,,-1.04116,1.64926,
,,,,,,,,4.38698,2.43278,
,,,,,,,,3.33303,2.93529,
,,,,,,,,3.10029,0.287034,
,,,,,,,,4.01627,4.57612,
,,,,,,,,2.96692,4.00795,
,,,,,,,,5.08,3.76807,
,,,,,,,,3.18358,3.27886,
,,,,,,,,4.84426,2.2673,
,,,,,,,,2.98609,2.39797,
,,,,,,,,2.50467,3.174,
,,,,,,,,3.12829,2.42195,
,,,,,,,,2.33229,1.93414,
,,,,,,,,3.38226,2.90228,
,,,,,,,,2.25817,2.19207,
,,,,,,,,4.21591,3.10511,
,,,,,,,,1.43548,-2.08352,
,,,,,,,,,0.715007,
,,,,,,,,4.95849,4.13319,
,,,,,,,,2.52136,3.92007,
,,,,,,,,4.0235,4.34488,
,,,,,,,,3.32426,2.27538,
,,,,,,,,3.92135,2.65724,
,,,,,,,,4.42704,2.81377,
,,,,,,,,1.83376,3.08225,
,,,,,,,,2.70903,2.63455,
,,,,,,,,2.51017,4.27542,
,,,,,,,,0.173331,3.09443,
,,,,,,,,3.35767,3.6137,
,,,,,,,,1.8583,1.47379,
,,,,,,,,2.86911,2.38008,
,,,,,,,,3.63893,1.70104,
,,,,,,,,1.93199,-0.645966,
,,,,,,,,2.5971,4.98767,
,,,,,,,,3.9807,1.36918,
,,,,,,,,2.86369,2.56925,
,,,,,,,,1.358,3.14803,
,,,,,,,,3.6396,3.34869,
,,,,,,,,4.09937,2.56109,
,,,,,,,,-0.24283,3.7947,
,,,,,,,,3.32854,2.05363,
,,,,,,,,-2.07695,2.65051,
,,,,,,,,2.17538,3.24208,
,,,,,,,,2.18829,3.74211,
,,,,,,,,4.72286,0.107822,
,,,,,,,,3.38748,2.77124,
,,,,,,,,3.12071,2.45084,
,,,,,,,,1.99588,-0.326309,
,,,,,,,,3.51257,3.2117,
,,,,,,,,4.34569,3.09286,
,,,,,,,,3.10861,3.57456,
,,,,,,,,3.75942,2.76241,
,,,,,,,,2.68236,1.8278,
,,,,,,,,1.54382,3.1117,
,,,,,,,,3.10018,3.07176,
,,,,,,,,3.06824,3.13296,
,,,,,,,,3.66806,3.59458,
,,,,,,,,2.97728,3.22011,
,,,,,,,,3.335,2.81221,
,,,,,,,,4.01684,4.47717,
,,,,,,,,1.53944,3.90249,
,,,,,,,,-0.356588,3.15845,
,,,,,,,,1.81077,2.97971,
,,,,,,,,0.552459,3.87361,
,,,,,,,,-0.415063,2.81541,
,,,,,,,,-0.0267804,1.34746,
,,,,,,,,2.81766,2.38343,
,,,,,,,,3.61677,2.74007,
,,,,,,,,1.65754,-1.1081,
,,,,,,,,3.81082,2.66224,
,,,,,,,,2.65106,1.40218,
,,,,,,,,3.75945,1.78908,
,,,,,,,,2.42268,0.297598,
,,,,,,,,1.65639,2.87246,
,,,,,,,,3.50886,1.61962,
,,,,,,,,0.827237,1.15509,
,,,,,,,,1.49342,2.54024,
,,,,,,,,3.11831,1.21082,
,,,,,,,,2.46154,3.07908,
,,,,,,,,3.21433,3.9142,
,,,,,,,,2.95166,2.32725,
,,,,,,,,2.50211,0.991072,
,,,,,,,,1.83337,1.127,
,,,,,,,,3.52433,2.35602,
,,,,,,,,-0.892389,3.61279,
,,,,,,,,3.26674,3.03086,
,,,,,,,,2.11112,1.5456,
,,,,,,,,3.33548,2.85643,
,,,,,,,,2.5841,2.8079,
,,,,,,,,2.63763,2.86884,
,,,,,,,,3.99894,0.456494,
,,,,,,,,4.93153,-0.869932,
,,,,,,,,2.85935,2.70926,
,,,,,,,,2.53615,2.71469,
,,,,,,,,3.47256,-2.46102,
,,,,,,,,4.28827,-0.54588,
,,,,,,,,2.28181,-2.71233,
,,,,,,,,1.39361,-0.813917,
,,,,,,,,3.92742,2.77475,
,,,,,,,,1.98319,3.08655,
,,,,,,,,4.69727,3.02757,
,,,,,,,,3.2297,2.17579,
,,,,,,,,3.88929,2.81304,
,,,,,,,,4.00936,1.97414,
,,,,,,,,3.8142,-0.227419,
,,,,,,,,4.43442,4.49286,
,,,,,,,,0.558684,3.4136,
,,,,,,,,-1.17226,-0.942458,
,,,,,,,,4.3869,1.28075,
,,,,,,,,3.33285,3.06119,
,,,,,,,,3.10018,1.60171,
,,,,,,,,4.01616,0.620351,
,,,,,,,,2.96673,-0.0521547,
,,,,,,,,5.07996,2.45751,
,,,,,,,,3.18088,2.1286,
,,,,,,,,4.84416,-0.532575,
,,,,,,,,2.97894,0.701358,
,,,,,,,,2.48389,2.29746,
,,,,,,,,3.12787,2.05958,
,,,,,,,,2.32466,-1.2155,
,,,,,,,,3.38217,1.63166,
,,,,,,,,2.25071,1.13783,
,,,,,,,,4.21582,2.52841,
,,,,,,,,1.30453,-0.522348,
,,,,,,,,,-0.365292,
,,,,,,,,,2.60134,
,,,,,,,,,2.58431,
,,,,,,,,,2.64458,
,,,,,,,,,2.89287,
,,,,,,,,,2.14286,
,,,,,,,,,2.02252,
,,,,,,,,,3.33334,
,,,,,,,,,2.98853,
,,,,,,,,,0.372212,
,,,,,,,,,2.02843,
,,,,,,,,,1.56237,
,,,,,,,,,0.706049,
,,,,,,,,,4.57612,
,,,,,,,,,3.91436,
,,,,,,,,,4.01336,
,,,,,,,,,3.45417,
,,,,,,,,,3.08062,
,,,,,,,,,3.01407,
,,,,,,,,,3.72918,
,,,,,,,,,3.77482,
,,,,,,,,,2.79692,
,,,,,,,,,2.55394,
,,,,,,,,,1.10526,
,,,,,,,,,1.53135,
,,,,,,,,,1.90679,
,,,,,,,,,0.580146,
,,,,,,,,,0.570448,
,,,,,,,,,0.422611,
,,,,,,,,,1.40154,
,,,,,,,,,3.57432,
,,,,,,,,,1.54762,
,,,,,,,,,2.36853,
,,,,,,,,,2.44286,
,,,,,,,,,2.15242,
,,,,,,,,,0.226633,
,,,,,,,,,2.89014,
,,,,,,,,,2.09064,
,,,,,,,,,3.01817,
,,,,,,,,,2.18018,
,,,,,,,,,-0.175746,
,,,,,,,,,3.46377,
,,,,,,,,,3.64587,
,,,,,,,,,-0.00167841,
,,,,,,,,,2.72368,
,,,,,,,,,2.02069,
,,,,,,,,,3.57868,
,,,,,,,,,1.58436,
,,,,,,,,,3.86892,
,,,,,,,,,3.58902,
,,,,,,,,,4.21913,
,,,,,,,,,2.55803,
,,,,,,,,,4.56257,
,,,,,,,,,2.64232,
,,,,,,,,,4.03054,
,,,,,,,,,3.72153,
,,,,,,,,,2.97339,
,,,,,,,,,5.09785,
,,,,,,,,,4.73906,
,,,,,,,,,3.19845,
,,,,,,,,,3.46331,
,,,,,,,,,2.03443,
,,,,,,,,,2.13789,
,,,,,,,,,3.51507,
,,,,,,,,,4.09958,
,,,,,,,,,3.49881,
,,,,,,,,,2.78134,
,,,,,,,,,3.01893,
,,,,,,,,,1.32777,
,,,,,,,,,4.77053,
,,,,,,,,,2.51887,
,,,,,,,,,2.86058,
,,,,,,,,,4.04851,
,,,,,,,,,1.55457,
,,,,,,,,,2.12572,
,,,,,,,,,1.87715,
,,,,,,,,,3.98999,
,,,,,,,,,2.59737,
,,,,,,,,,3.45395,
,,,,,,,,,1.68502,
,,,,,,,,,2.18592,
,,,,,,,,,3.21305,
,,,,,,,,,3.92577,
,,,,,,,,,2.69527,
,,,,,,,,,3.84449,
,,,,,,,,,1.10097,
,,,,,,,,,2.01347,
,,,,,,,,,3.79177,
,,,,,,,,,1.34567,
,,,,,,,,,3.2231,
,,,,,,,,,2.83287,
,,,,,,,,,1.52123,
,,,,,,,,,2.03949,
,,,,,,,,,-0.610419,
,,,,,,,,,0.987543,
,,,,,,,,,3.75264,
,,,,,,,,,-2.61349,
,,,,,,,,,3.3228,
,,,,,,,,,0.731675,
,,,,,,,,,-1.20681,
,,,,,,,,,-0.338329,
,,,,,,,,,3.14168,
,,,,,,,,,3.92799,
,,,,,,,,,1.89234,
,,,,,,,,,-0.916256,
,,,,,,,,,2.99476,
,,,,,,,,,3.81211,
,,,,,,,,,3.27967,
,,,,,,,,,0.644172,
,,,,,,,,,3.81106,
,,,,,,,,,1.07365,
,,,,,,,,,2.86433,
,,,,,,,,,2.16566,
,,,,,,,,,2.71081,
,,,,,,,,,0.624515,
,,,,,,,,,-3.03078,
,,,,,,,,,0.216965,
,,,,,,,,,3.17184,
,,,,,,,,,-1.90284,
,,,,,,,,,2.77738,
,,,,,,,,,2.72158,
,,,,,,,,,2.25543,
,,,,,,,,,2.21579,
,,,,,,,,,1.59631,
,,,,,,,,,3.41289,
,,,,,,,,,-0.676019,
,,,,,,,,,0.169355,
,,,,,,,,,-2.41175,
,,,,,,,,,3.28307,
,,,,,,,,,3.88839,
,,,,,,,,,3.32292,
,,,,,,,,,2.90248,
,,,,,,,,,3.70266,
,,,,,,,,,1.66777,
,,,,,,,,,2.1384,
,,,,,,,,,3.71125,
,,,,,,,,,2.35143,
,,,,,,,,,1.28386,
,,,,,,,,,2.93648,
,,,,,,,,,1.48107,
,,,,,,,,,3.08776,
,,,,,,,,,4.63164,
,,,,,,,,,2.43019,
,,,,,,,,,-2.85144,
,,,,,,,,,2.12387,
,,,,,,,,,2.87275,
,,,,,,,,,0.834087,
,,,,,,,,,1.63166,
,,,,,,,,,2.55011,
,,,,,,,,,0.524575,
,,,,,,,,,4.45173,
,,,,,,,,,4.02916,
,,,,,,,,,3.29139,
,,,,,,,,,3.89928,
,,,,,,,,,4.30079,
,,,,,,,,,1.81277,
,,,,,,,,,4.03569,
,,,,,,,,,2.78297,
,,,,,,,,,5.5401,
,,,,,,,,,2.77744,
,,,,,,,,,3.30077,
,,,,,,,,,3.99172,
,,,,,,,,,2.73111,
,,,,,,,,,3.12178,
,,,,,,,,,3.67774,
,,,,,,,,,2.40698,
,,,,,,,,,1.32675,
,,,,,,,,,3.43535,
,,,,,,,,,2.58228,
,,,,,,,,,3.74172,
,,,,,,,,,4.72141,
,,,,,,,,,4.03003,
,,,,,,,,,2.99699,
,,,,,,,,,2.35981,
,,,,,,,,,4.52239,
,,,,,,,,,3.28174,
,,,,,,,,,4.30051,
,,,,,,,,,4.71638,
,,,,,,,,,4.18,
,,,,,,,,,2.88436,
,,,,,,,,,5.06778,
,,,,,,,,,1.11723,
,,,,,,,,,3.36642,
,,,,,,,,,-1.03714,
,,,,,,,,,0.968211,
,,,,,,,,,3.2125,
,,,,,,,,,3.6763,
,,,,,,,,,3.75059,
,,,,,,,,,3.89414,
,,,,,,,,,2.47064,
,,,,,,,,,3.4704,
,,,,,,,,,1.95596,
,,,,,,,,,3.39662,
,,,,,,,,,3.41151,
,,,,,,,,,4.90113,
,,,,,,,,,4.77384,
,,,,,,,,,3.57184,
,,,,,,,,,4.00133,
,,,,,,,,,3.61284,
,,,,,,,,,2.26356,
,,,,,,,,,-1.19411,
,,,,,,,,,-0.634097,
,,,,,,,,,-1.55932,
,,,,,,,,,-1.34027,
,,,,,,,,,-2.93345,
,,,,,,,,,0.444359,
,,,,,,,,,0.0261355,
,,,,,,,,,1.76471,
,,,,,,,,,1.995,
,,,,,,,,,3.25931,
,,,,,,,,,-2.36924,
,,,,,,,,,3.71145,
,,,,,,,,,2.4678,
,,,,,,,,,4.07991,
,,,,,,,,,1.79325,
,,,,,,,,,2.93979,
,,,,,,,,,4.69071,
,,,,,,,,,4.7822,
,,,,,,,,,3.09221,
,,,,,,,,,4.60876,
,,,,,,,,,1.71992,
,,,,,,,,,4.60639,
,,,,,,,,,1.54921,
,,,,,,,,,3.50989,
,,,,,,,,,2.00776,
,,,,,,,,,2.28458,
,,,,,,,,,0.772633,
,,,,,,,,,4.72804,
,,,,,,,,,3.9877,
,,,,,,,,,1.73457,
,,,,,,,,,2.94981,
,,,,,,,,,3.3563,
,,,,,,,,,1.62722,
,,,,,,,,,4.78004,
,,,,,,,,,2.34954,
,,,,,,,,,1.25304,
,,,,,,,,,2.00244,
,,,,,,,,,3.17533,
,,,,,,,,,1.85218,
,,,,,,,,,3.78027,
,,,,,,,,,2.61308,
,,,,,,,,,2.7302,
,,,,,,,,,2.86129,
,,,,,,,,,3.45493,
,,,,,,,,,2.3303,
,,,,,,,,,3.95334,
,,,,,,,,,2.00444,
,,,,,,,,,3.94203,
,,,,,,,,,2.09686,
,,,,,,,,,2.8671,
,,,,,,,,,4.60924,
,,,,,,,,,4.37638,
,,,,,,,,,4.57722,
,,,,,,,,,2.6633,
,,,,,,,,,1.94998,
,,,,,,,,,1.00297,
,,,,,,,,,4.16673,
,,,,,,,,,3.77376,
,,,,,,,,,-0.563379,
,,,,,,,,,2.92394,
,,,,,,,,,1.8427,
,,,,,,,,,1.69769,
,,,,,,,,,4.15077,
,,,,,,,,,2.76203,
,,,,,,,,,2.08638,
,,,,,,,,,3.34327,
,,,,,,,,,4.18493,
,,,,,,,,,4.37824,
,,,,,,,,,-0.698634,
,,,,,,,,,3.61697,
,,,,,,,,,2.97637,
,,,,,,,,,3.31035,
,,,,,,,,,2.30174,
,,,,,,,,,4.14475,
,,,,,,,,,2.63768,
,,,,,,,,,3.00307,
,,,,,,,,,3.41992,
,,,,,,,,,2.20231,
,,,,,,,,,2.53686,
,,,,,,,,,1.41813,
,,,,,,,,,2.63295,
,,,,,,,,,0.597825,
,,,,,,,,,4.57899,
,,,,,,,,,2.38161,
,,,,,,,,,3.11948,
,,,,,,,,,2.92384,
,,,,,,,,,3.09546,
,,,,,,,,,2.54193,
,,,,,,,,,3.77416,
,,,,,,,,,3.88454,
,,,,,,,,,2.16711,
,,,,,,,,,2.6073,
,,,,,,,,,4.01762,
,,,,,,,,,2.65096,
,,,,,,,,,4.13062,
,,,,,,,,,2.04385,
,,,,,,,,,2.22675,
,,,,,,,,,3.52791,
,,,,,,,,,3.40062,
,,,,,,,,,1.45304,
,,,,,,,,,1.67439,
,,,,,,,,,-0.186081,
,,,,,,,,,1.20326,
,,,,,,,,,2.30431,
,,,,,,,,,3.63657,
,,,,,,,,,4.33881,
,,,,,,,,,2.34769,
,,,,,,,,,3.36129,
,,,,,,,,,4.37062,
,,,,,,,,,-0.375453,
,,,,,,,,,3.20349,
,,,,,,,,,3.99031,
,,,,,,,,,2.88308,
,,,,,,,,,3.28372,
,,,,,,,,,4.13571,
,,,,,,,,,4.40589,
,,,,,,,,,2.44597,
,,,,,,,,,4.17044,
,,,,,,,,,2.01614,
,,,,,,,,,0.878161,
,,,,,,,,,1.60171,
,,,,,,,,,3.68151,
,,,,,,,,,2.24016,
,,,,,,,,,3.52907,
,,,,,,,,,3.00863,
,,,,,,,,,3.0293,
,,,,,,,,,0.6631,
,,,,,,,,,2.32866,
,,,,,,,,,3.03307,
,,,,,,,,,1.30338,
,,,,,,,,,2.8026,
,,,,,,,,,1.15392,
,,,,,,,,,1.29707,
,,,,,,,,,2.06125,
,,,,,,,,,2.5633,
,,,,,,,,,4.33343,
,,,,,,,,,2.89055,
,,,,,,,,,1.60344,
,,,,,,,,,1.74753,
,,,,,,,,,4.02906,
,,,,,,,,,2.37086,
,,,,,,,,,2.38193,
,,,,,,,,,1.50845,
,,,,,,,,,1.62765,
,,,,,,,,,2.62974,
,,,,,,,,,1.17638,
,,,,,,,,,2.80067,
,,,,,,,,,0.880651,
,,,,,,,,,3.91423,
,,,,,,,,,2.60673,
,,,,,,,,,3.73246,
,,,,,,,,,3.15344,
,,,,,,,,,2.30174,
,,,,,,,,,3.71263,
,,,,,,,,,2.62454,
,,,,,,,,,3.30784,
,,,,,,,,,3.96521,
,,,,,,,,,2.09665,
,,,,,,,,,1.37223,
,,,,,,,,,3.88389,
,,,,,,,,,2.09105,
,,,,,,,,,2.03043,
,,,,,,,,,3.94769,
,,,,,,,,,2.22666,
,,,,,,,,,3.43023,
,,,,,,,,,4.24664,
,,,,,,,,,1.10996,
,,,,,,,,,3.41829,
,,,,,,,,,-0.251171,
,,,,,,,,,1.98469,
,,,,,,,,,2.12172,
,,,,,,,,,4.679,
,,,,,,,,,3.85745,
,,,,,,,,,3.71183,
,,,,,,,,,0.866331,
,,,,,,,,,-2.50744,
,,,,,,,,,3.476,
,,,,,,,,,0.368185,
,,,,,,,,,-0.464168,
,,,,,,,,,3.21751,
,,,,,,,,,3.08456,
,,,,,,,,,2.35716,
,,,,,,,,,1.93663,
,,,,,,,,,2.99188,
,,,,,,,,,1.19499,
,,,,,,,,,0.176454,
,,,,,,,,,2.69894,
,,,,,,,,,2.92181,
,,,,,,,,,2.01842,
,,,,,,,,,0.819454,
,,,,,,,,,3.21282,
,,,,,,,,,4.75144,
,,,,,,,,,3.99642,
,,,,,,,,,5.46637,
,,,,,,,,,0.946013,
,,,,,,,,,4.31553,
,,,,,,,,,2.36532,
,,,,,,,,,1.174,
,,,,,,,,,2.841,
,,,,,,,,,3.27414,
,,,,,,,,,1.1981,
,,,,,,,,,1.38734,
,,,,,,,,,3.05402,
,,,,,,,,,1.23668,
,,,,,,,,,3.04939,
,,,,,,,,,1.70697,
,,,,,,,,,2.14457,
,,,,,,,,,-0.842713,
,,,,,,,,,3.75446,
,,,,,,,,,4.37323,
,,,,,,,,,2.70744,
,,,,,,,,,1.32276,
,,,,,,,,,2.37254,
,,,,,,,,,4.28586,
,,,,,,,,,4.8483,
,,,,,,,,,2.59867,
,,,,,,,,,3.7742,
,,,,,,,,,3.7857,
,,,,,,,,,3.28256,
,,,,,,,,,5.44461,
,,,,,,,,,2.37014,
,,,,,,,,,2.20288,
,,,,,,,,,3.49558,
,,,,,,,,,4.6594,
,,,,,,,,,3.71568,
,,,,,,,,,2.78177,
,,,,,,,,,3.33008,
,,,,,,,,,3.89905,
,,,,,,,,,1.76104,
,,,,,,,,,1.52501,
,,,,,,,,,2.50194,
,,,,,,,,,1.39608,
,,,,,,,,,1.02843,
,,,,,,,,,2.88452,
,,,,,,,,,3.10558,
,,,,,,,,,2.1066,
,,,,,,,,,4.56993,
,,,,,,,,,2.83613,
,,,,,,,,,4.01923,
,,,,,,,,,3.46441,
,,,,,,,,,4.88677,
,,,,,,,,,2.89217,
,,,,,,,,,1.40601,
,,,,,,,,,2.04485,
,,,,,,,,,3.21647,
,,,,,,,,,3.5839,
,,,,,,,,,0.369962,
,,,,,,,,,4.05722,
,,,,,,,,,3.11955,
,,,,,,,,,4.22473,
,,,,,,,,,2.78384,
,,,,,,,,,3.69965,
,,,,,,,,,5.41402,
,,,,,,,,,1.82278,
,,,,,,,,,2.20193,
,,,,,,,,,5.40117,
,,,,,,,,,3.15538,
,,,,,,,,,4.93427,
,,,,,,,,,3.70125,
,,,,,,,,,5.57837,
,,,,,,,,,4.39934,
,,,,,,,,,4.52912,
,,,,,,,,,4.32438,
,,,,,,,,,2.68075,
,,,,,,,,,3.00656,
,,,,,,,,,1.77236,
,,,,,,,,,3.08646,
,,,,,,,,,0.4253,
,,,,,,,,,1.89569,
,,,,,,,,,2.96508,
,,,,,,,,,4.26462,
,,,,,,,,,4.08688,
,,,,,,,,,3.58419,
,,,,,,,,,3.86681,
,,,,,,,,,4.61111,
,,,,,,,,,3.73264,
,,,,,,,,,2.2181,
,,,,,,,,,4.77469,
,,,,,,,,,1.29151,
,,,,,,,,,2.92486,
,,,,,,,,,4.14374,
,,,,,,,,,4.48595,
,,,,,,,,,5.3141,
,,,,,,,,,2.63994,
,,,,,,,,,3.31806,
,,,,,,,,,1.48283,
,,,,,,,,,-0.691726,
,,,,,,,,,3.83004,
,,,,,,,,,4.84684,
,,,,,,,,,0.689706,
,,,,,,,,,1.22116,
,,,,,,,,,1.24712,
,,,,,,,,,3.20048,
,,,,,,,,,4.05312,
,,,,,,,,,3.24128,
,,,,,,,,,3.17307,
,,,,,,,,,3.83125,
,,,,,,,,,4.87268,
,,,,,,,,,4.77432,
,,,,,,,,,4.25259,
,,,,,,,,,,
,,,,,,,,,,
,,,,,,,,,2.74862,
,,,,,,,,,0.535323,
,,,,,,,,,2.64184,
,,,,,,,,,1.9981,
,,,,,,,,,-0.212463,
,,,,,,,,,1.66379,
,,,,,,,,,2.79728,
,,,,,,,,,4.33937,
,,,,,,,,,6.06292,
,,,,,,,,,2.93322,
,,,,,,,,,5.18571,
,,,,,,,,,2.76456,
,,,,,,,,,2.31826,
,,,,,,,,,4.00007,
,,,,,,,,,2.40055,
,,,,,,,,,3.58287,
,,,,,,,,,3.58739,
,,,,,,,,,5.50694,
,,,,,,,,,5.22499,
,,,,,,,,,3.00424,
,,,,,,,,,5.08132,
,,,,,,,,,3.64521,
,,,,,,,,,1.39377,
,,,,,,,,,2.08877,
,,,,,,,,,4.2042,
,,,,,,,,,2.62267,
,,,,,,,,,0.311462,
,,,,,,,,,4.16281,
,,,,,,,,,3.11787,
,,,,,,,,,1.16462,
,,,,,,,,,5.93332,
,,,,,,,,,2.36667,
,,,,,,,,,3.30272,
,,,,,,,,,4.11126,
,,,,,,,,,1.19435,
,,,,,,,,,5.36605,
,,,,,,,,,3.28851,
,,,,,,,,,1.95731,
,,,,,,,,,0.430424,
,,,,,,,,,4.0167,
,,,,,,,,,3.18689,
,,,,,,,,,3.51998,
,,,,,,,,,-0.873416,
,,,,,,,,,0.306727,
,,,,,,,,,3.82999,
,,,,,,,,,3.92183,
,,,,,,,,,2.60733,
,,,,,,,,,2.46944,
,,,,,,,,,2.0329,
,,,,,,,,,3.65216,
,,,,,,,,,2.3492,
,,,,,,,,,3.03161,
,,,,,,,,,-1.25591,
,,,,,,,,,1.05618,
,,,,,,,,,2.85144,
,,,,,,,,,1.48363,
,,,,,,,,,3.29053,
,,,,,,,,,2.32855,
,,,,,,,,,4.26031,
,,,,,,,,,,
,,,,,,,,,4.67014,
,,,,,,,,,4.6218,
,,,,,,,,,3.19188,
,,,,,,,,,4.49936,
,,,,,,,,,3.71626,
,,,,,,,,,4.55781,
,,,,,,,,,0.991072,
,,,,,,,,,2.60856,
,,,,,,,,,3.3172,
,,,,,,,,,4.92184,
,,,,,,,,,3.09091,
,,,,,,,,,2.40199,
,,,,,,,,,-0.150252,
,,,,,,,,,3.83088,
,,,,,,,,,4.28343,
,,,,,,,,,2.72808,
,,,,,,,,,4.97825,
,,,,,,,,,-0.668254,
,,,,,,,,,4.93672,
,,,,,,,,,4.29606,
,,,,,,,,,3.6407,
,,,,,,,,,3.95307,
,,,,,,,,,3.85793,
,,,,,,,,,4.68033,
,,,,,,,,,1.36166,
,,,,,,,,,3.09533,
,,,,,,,,,3.60788,
,,,,,,,,,4.52294,
,,,,,,,,,3.37301,
,,,,,,,,,2.686,
,,,,,,,,,2.70593,
,,,,,,,,,5.49238,
,,,,,,,,,1.66843,
,,,,,,,,,5.30172,
,,,,,,,,,2.96565,
,,,,,,,,,0.897422,
,,,,,,,,,2.35435,
,,,,,,,,,5.10534,
,,,,,,,,,4.12718,
,,,,,,,,,3.8907,
,,,,,,,,,4.10067,
,,,,,,,,,3.91325,
,,,,,,,,,2.07205,
,,,,,,,,,-0.798481,
,,,,,,,,,2.67604,
,,,,,,,,,3.69361,
,,,,,,,,,3.77975,
,,,,,,,,,3.27473,
,,,,,,,,,4.37873,
,,,,,,,,,3.84833,
,,,,,,,,,4.71575,
,,,,,,,,,2.98906,
,,,,,,,,,2.7268,
,,,,,,,,,2.88828,
,,,,,,,,,0.206111,
,,,,,,,,,4.53942,
,,,,,,,,,2.26614,
,,,,,,,,,2.74386,
,,,,,,,,,3.53707,
,,,,,,,,,2.50522,
,,,,,,,,,2.95942,
,,,,,,,,,2.64264,
,,,,,,,,,3.01356,
,,,,,,,,,1.95288,
,,,,,,,,,1.66859,
,,,,,,,,,1.69268,
,,,,,,,,,2.8768,
,,,,,,,,,3.43297,
,,,,,,,,,1.77865,
,,,,,,,,,4.20476,
,,,,,,,,,-1.49235,
,,,,,,,,,0.652112,
,,,,,,,,,2.66843,
,,,,,,,,,4.12186,
,,,,,,,,,0.29311,
,,,,,,,,,3.80413,
,,,,,,,,,3.35453,
,,,,,,,,,2.46682,
,,,,,,,,,2.42515,
,,,,,,,,,3.11432,
,,,,,,,,,2.91499,
,,,,,,,,,2.80303,
,,,,,,,,,3.29485,
,,,,,,,,,2.79001,
,,,,,,,,,-0.851777,
,,,,,,,,,-0.344343,
,,,,,,,,,1.6555,
,,,,,,,,,1.523,
,,,,,,,,,-0.078579,
,,,,,,,,,2.62793,
,,,,,,,,,2.5931,
,,,,,,,,,0.029753,
,,,,,,,,,2.54974,
,,,,,,,,,2.33493,
,,,,,,,,,1.6846,
,,,,,,,,,1.91494,
,,,,,,,,,2.88532,
,,,,,,,,,2.12573,
,,,,,,,,,2.64141,
,,,,,,,,,1.67277,
,,,,,,,,,-0.944502,
,,,,,,,,,2.49258,
,,,,,,,,,3.79423,
,,,,,,,,,0.906216,
,,,,,,,,,3.74367,
,,,,,,,,,2.32379,
,,,,,,,,,-0.124763,
,,,,,,,,,2.28505,
,,,,,,,,,2.06538,
,,,,,,,,,1.43474,
,,,,,,,,,-0.384428,
,,,,,,,,,0.588486,
,,,,,,,,,0.895459,
,,,,,,,,,1.58736,
,,,,,,,,,2.94853,
,,,,,,,,,1.80591,
,,,,,,,,,1.22641,
,,,,,,,,,-0.0592003,
,,,,,,,,,3.37928,
,,,,,,,,,-0.463395,
,,,,,,,,,,
,,,,,,,,,,
,,,,,,,,,,
,,,,,,,,,3.58112,
,,,,,,,,,3.39211,
,,,,,,,,,2.0354,
,,,,,,,,,-0.922545,
,,,,,,,,,1.43014,
,,,,,,,,,,
,,,,,,,,,3.07963,
,,,,,,,,,2.76705,
,,,,,,,,,2.06676,
,,,,,,,,,3.27688,
,,,,,,,,,1.25412,
,,,,,,,,,2.63941,
,,,,,,,,,2.83526,
,,,,,,,,,0.819604,
,,,,,,,,,1.39228,
,,,,,,,,,0.152326,
,,,,,,,,,1.8113,
,,,,,,,,,-0.102707,
,,,,,,,,,3.1008,
,,,,,,,,,2.11464,
,,,,,,,,,2.13055,
,,,,,,,,,-0.128471,
,,,,,,,,,0.573338,
,,,,,,,,,-1.65682,
,,,,,,,,,1.47472,
,,,,,,,,,0.935831,
,,,,,,,,,2.78981,
,,,,,,,,,1.29631,
,,,,,,,,,0.508569,
,,,,,,,,,2.44913,
,,,,,,,,,0.574026,
,,,,,,,,,1.35193,
,,,,,,,,,,
,,,,,,,,,,
,,,,,,,,,3.24917,
,,,,,,,,,-0.104721,
,,,,,,,,,1.94587,
,,,,,,,,,-0.717419,
,,,,,,,,,2.53078,
,,,,,,,,,2.09693,
,,,,,,,,,1.45934,
,,,,,,,,,2.04996,
,,,,,,,,,2.52095,
,,,,,,,,,,
,,,,,,,,,4.26599,
,,,,,,,,,3.45595,
,,,,,,,,,3.5217,
,,,,,,,,,,
,,,,,,,,,2.79799,
,,,,,,,,,5.12068,
,,,,,,,,,4.9991,
,,,,,,,,,4.92523,
,,,,,,,,,,
,,,,,,,,,2.5583,
,,,,,,,,,5.02227,
,,,,,,,,,4.4525,
,,,,,,,,,4.17048,
,,,,,,,,,2.64132,
,,,,,,,,,3.99631,
,,,,,,,,,3.74197,
,,,,,,,,,,
,,,,,,,,,,
,,,,,,,,,3.4216,
,,,,,,,,,2.56396,
,,,,,,,,,2.92671,
,,,,,,,,,2.60349,
,,,,,,,,,5.32403,
,,,,,,,,,3.30774,
,,,,,,,,,-0.551823,
,,,,,,,,,4.00866,
,,,,,,,,,4.26151,
,,,,,,,,,,
,,,,,,,,,0.0516622,
,,,,,,,,,3.80189,
,,,,,,,,,4.62207,
,,,,,,,,,4.82282,
,,,,,,,,,4.34179,
,,,,,,,,,5.57381,
,,,,,,,,,5.58861,
,,,,,,,,,5.73684,
,,,,,,,,,3.84075,
,,,,,,,,,3.28442,
,,,,,,,,,2.16387,
,,,,,,,,,4.72726,
,,,,,,,,,2.34277,
,,,,,,,,,5.09785,
,,,,,,,,,4.25283,
,,,,,,,,,3.40182,
,,,,,,,,,1.64642,
,,,,,,,,,4.09752,
,,,,,,,,,-1.44089,
,,,,,,,,,5.62106,
,,,,,,,,,4.20607,
,,,,,,,,,3.5555,
,,,,,,,,,2.7486,
,,,,,,,,,1.67448,
,,,,,,,,,3.66854,
,,,,,,,,,3.00183,
,,,,,,,,,4.31419,
,,,,,,,,,2.60855,
,,,,,,,,,3.21898,
,,,,,,,,,5.29565,
,,,,,,,,,4.39691,
,,,,,,,,,3.89067,
,,,,,,,,,4.76245,
,,,,,,,,,3.86786,
,,,,,,,,,2.95231,
,,,,,,,,,4.45941,
,,,,,,,,,4.88179,
,,,,,,,,,3.38018,
,,,,,,,,,1.68771,
,,,,,,,,,2.64493,
,,,,,,,,,3.72277,
,,,,,,,,,5.11254,
,,,,,,,,,6.17735,
,,,,,,,,,2.8996,
,,,,,,,,,1.50344,
,,,,,,,,,3.29466,
,,,,,,,,,3.50486,
,,,,,,,,,4.58609,
,,,,,,,,,1.24263,
,,,,,,,,,3.43891,
,,,,,,,,,3.18743,
,,,,,,,,,3.39341,
,,,,,,,,,,
,,,,,,,,,,
,,,,,,,,,2.07864,
,,,,,,,,,3.21035,
,,,,,,,,,2.54813,
,,,,,,,,,2.05369,
,,,,,,,,,2.68467,
,,,,,,,,,1.98978,
,,,,,,,,,3.32825,
,,,,,,,,,1.77594,
,,,,,,,,,3.39197,
,,,,,,,,,3.02188,
,,,,,,,,,3.85324,
,,,,,,,,,4.08031,
,,,,,,,,,3.19321,
,,,,,,,,,3.6497,
,,,,,,,,,3.58707,
,,,,,,,,,,
,,,,,,,,,1.24098,
,,,,,,,,,3.5202,
,,,,,,,,,4.68153,
,,,,,,,,,1.94092,
,,,,,,,,,5.22943,
,,,,,,,,,4.28205,
,,,,,,,,,5.268,
,,,,,,,,,4.41168,
,,,,,,,,,3.63023,
,,,,,,,,,5.13767,
,,,,,,,,,2.2924,
,,,,,,,,,5.75464,
,,,,,,,,,4.37051,
,,,,,,,,,4.17917,
,,,,,,,,,2.02496,
,,,,,,,,,3.66566,
,,,,,,,,,2.72598,
,,,,,,,,,2.18574,
,,,,,,,,,3.81889,
,,,,,,,,,4.70584,
,,,,,,,,,5.12382,
,,,,,,,,,3.61917,
,,,,,,,,,5.16038,
,,,,,,,,,2.76933,
,,,,,,,,,5.33408,
,,,,,,,,,4.30532,
,,,,,,,,,5.9286,
,,,,,,,,,5.66651,
,,,,,,,,,3.00886,
,,,,,,,,,4.3133,
,,,,,,,,,4.39351,
,,,,,,,,,-2.26918,
,,,,,,,,,0.079384,
,,,,,,,,,1.37917,
,,,,,,,,,0.932597,
,,,,,,,,,3.84364,
,,,,,,,,,2.4776,
,,,,,,,,,-0.20009,
,,,,,,,,,2.45654,
,,,,,,,,,-0.655042,
,,,,,,,,,-0.725375,
,,,,,,,,,6.21083,
,,,,,,,,,2.28599,
,,,,,,,,,5.25501,
,,,,,,,,,4.28772,
,,,,,,,,,3.65543,
,,,,,,,,,3.18804,
,,,,,,,,,6.24577,
,,,,,,,,,5.28417,
,,,,,,,,,3.88925,
,,,,,,,,,3.40554,
,,,,,,,,,2.92913,
,,,,,,,,,4.10617,
,,,,,,,,,3.10169,
,,,,,,,,,5.1352,
,,,,,,,,,2.77708,
,,,,,,,,,0.496019,
,,,,,,,,,4.73508,
,,,,,,,,,4.2683,
,,,,,,,,,2.5063,
,,,,,,,,,4.09644,
,,,,,,,,,4.1395,
,,,,,,,,,3.76781,
,,,,,,,,,4.61852,
,,,,,,,,,2.75673,
,,,,,,,,,4.85846,
,,,,,,,,,3.42716,
,,,,,,,,,4.00059,
,,,,,,,,,4.85022,
,,,,,,,,,4.51052,
,,,,,,,,,2.25086,
,,,,,,,,,3.75605,
,,,,,,,,,5.66913,
,,,,,,,,,5.08478,
,,,,,,,,,3.10065,
,,,,,,,,,2.82367,
,,,,,,,,,3.91652,
,,,,,,,,,2.74249,
,,,,,,,,,5.129,
,,,,,,,,,3.09631,
,,,,,,,,,2.49832,
,,,,,,,,,5.30098,
,,,,,,,,,4.16341,
,,,,,,,,,4.53242,
,,,,,,,,,4.21096,
,,,,,,,,,4.3519,
,,,,,,,,,4.94273,
,,,,,,,,,3.00379,
,,,,,,,,,3.30614,
,,,,,,,,,4.06917,
,,,,,,,,,3.3043,
,,,,,,,,,1.76577,
,,,,,,,,,2.63502,
,,,,,,,,,4.46743,
,,,,,,,,,4.7172,
,,,,,,,,,5.17999,
,,,,,,,,,1.57089,
,,,,,,,,,,
,,,,,,,,,2.56243,
,,,,,,,,,4.35346,
,,,,,,,,,5.39295,
,,,,,,,,,4.65028,
,,,,,,,,,1.01836,
,,,,,,,,,,
,,,,,,,,,2.93044,
,,,,,,,,,1.83658,
,,,,,,,,,4.12704,
,,,,,,,,,5.75195,
,,,,,,,,,3.97771,
,,,,,,,,,2.19273,
,,,,,,,,,,
,,,,,,,,,4.73998,
,,,,,,,,,5.67246,
,,,,,,,,,2.49397,
,,,,,,,,,3.56052,
,,,,,,,,,,
,,,,,,,,,1.70696,
,,,,,,,,,2.42847,
,,,,,,,,,3.31862,
,,,,,,,,,2.74672,
,,,,,,,,,1.18178,
,,,,,,,,,1.23248,
,,,,,,,,,2.60515,
,,,,,,,,,3.76271,
,,,,,,,,,0.705012,
,,,,,,,,,4.47021,
,,,,,,,,,3.45582,
,,,,,,,,,2.06423,
,,,,,,,,,0.963564,
,,,,,,,,,,
,,,,,,,,,,
,,,,,,,,,-1.03391,
,,,,,,,,,1.12676,
,,,,,,,,,2.13136,
,,,,,,,,,3.88266,
,,,,,,,,,,
,,,,,,,,,2.80512,
,,,,,,,,,2.13395,
,,,,,,,,,2.99982,
,,,,,,,,,2.20134,
,,,,,,,,,0.76202,
,,,,,,,,,-0.205242,
,,,,,,,,,0.926399,
,,,,,,,,,1.43931,
,,,,,,,,,1.14473,
,,,,,,,,,1.25778,
,,,,,,,,,1.80277,
,,,,,,,,,1.92562,
,,,,,,,,,0.375762,
,,,,,,,,,4.39201,
,,,,,,,,,1.62508,
,,,,,,,,,2.95411,
,,,,,,,,,3.05191,
,,,,,,,,,1.01449,
,,,,,,,,,2.10193,
,,,,,,,,,4.14042,
,,,,,,,,,3.74648,
,,,,,,,,,2.61514,
,,,,,,,,,3.2045,
,,,,,,,,,2.30002,
,,,,,,,,,4.17865,
,,,,,,,,,4.15695,
,,,,,,,,,1.57636,
,,,,,,,,,0.713714,
,,,,,,,,,2.25562,
,,,,,,,,,2.70874,
,,,,,,,,,2.13055,
,,,,,,,,,1.35158,
,,,,,,,,,2.74696,
,,,,,,,,,2.83719,
